{"_id":{"$oid":"5e74c4d77c50db01125ecd51"},"_name":"KhairiSadiq","frequencies":{"yousefslym":1}}
{"_id":{"$oid":"5e74c4d77c50db01125ecd52"},"_name":"sushipah","frequencies":{"zhantafa":1}}
{"_id":{"$oid":"5e74c4d77c50db01125ecd53"},"_name":"geeeegegege","frequencies":{"soakwardpeople":1,"kumparan":1}}
{"_id":{"$oid":"5e74c4d77c50db01125ecd54"},"_name":"notmirih","frequencies":{"Luuumengra":1}}
{"_id":{"$oid":"5e74c4d77c50db01125ecd55"},"_name":"dresma21","frequencies":{"purlenatac":1}}
{"_id":{"$oid":"5e74c4d87c50db01125ecd56"},"_name":"mastri888","frequencies":{"ronavioleta":1,"sudjiwotedjo":1}}
{"_id":{"$oid":"5e74c4d87c50db01125ecd57"},"_name":"wiko_berlin","frequencies":{"draesner":1,"ChristophMllers":1,"SWR2":1,"SWRpresse":1}}
{"_id":{"$oid":"5e74c4d87c50db01125ecd58"},"_name":"Amira69Amira","frequencies":{"midpatkey":1}}
{"_id":{"$oid":"5e74c4d87c50db01125ecd59"},"_name":"Amir19888611","frequencies":{"PakShowsPk":1,"AsadKharal":1}}
{"_id":{"$oid":"5e74c4d87c50db01125ecd5a"},"_name":"_kyldnl","frequencies":{"cathmeow29":1}}
{"_id":{"$oid":"5e74c4d87c50db01125ecd5b"},"_name":"enricomariam42","frequencies":{"jan_los":1}}
{"_id":{"$oid":"5e74c4d87c50db01125ecd5c"},"_name":"Gusmendem2","frequencies":{"UtuhWibowo":1}}
{"_id":{"$oid":"5e74c4d87c50db01125ecd5d"},"_name":"TTuslu","frequencies":{"muhasebeburosu":4}}
{"_id":{"$oid":"5e74c4d87c50db01125ecd5e"},"_name":"tilatilz","frequencies":{"TheHeadking__":1}}
{"_id":{"$oid":"5e74c4d87c50db01125ecd5f"},"_name":"abah_hampru","frequencies":{"geloraco":1,"msaid_didu":1,"zarazettirazr":1,"CNNIndonesia":1}}
{"_id":{"$oid":"5e74c4d87c50db01125ecd60"},"_name":"crisrbl","frequencies":{"SN_1987_A":1}}
{"_id":{"$oid":"5e74c4d87c50db01125ecd61"},"_name":"thisisbmk","frequencies":{"Vaanavil_":1}}
{"_id":{"$oid":"5e74c4d87c50db01125ecd62"},"_name":"Dehru_","frequencies":{"ANI":1}}
{"_id":{"$oid":"5e74c4d87c50db01125ecd63"},"_name":"OzzyBonnie","frequencies":{"marklevinshow":1}}
{"_id":{"$oid":"5e74c4d87c50db01125ecd64"},"_name":"BahamondezC","frequencies":{"Luuumengra":1}}
{"_id":{"$oid":"5e74c4d87c50db01125ecd65"},"_name":"hari_pyman","frequencies":{"awkarin":1,"SekolahRelawan":1}}
{"_id":{"$oid":"5e74c4d87c50db01125ecd66"},"_name":"n3bril","frequencies":{"polinitito":1}}
{"_id":{"$oid":"5e74c4d87c50db01125ecd67"},"_name":"irfenzo","frequencies":{"asrrap_":1}}
{"_id":{"$oid":"5e74c4d87c50db01125ecd68"},"_name":"Waljoseito","frequencies":{"Luuumengra":1}}
{"_id":{"$oid":"5e74c4d87c50db01125ecd69"},"_name":"rainergronemann","frequencies":{"dunjahayali":1}}
{"_id":{"$oid":"5e74c4d87c50db01125ecd6a"},"_name":"MztaSlimzy","frequencies":{"_Teewo":1}}
{"_id":{"$oid":"5e74c4d87c50db01125ecd6b"},"_name":"flooreeess","frequencies":{"Luuumengra":1}}
{"_id":{"$oid":"5e74c4d87c50db01125ecd6c"},"_name":"realTomVandePol","frequencies":{"HansD1971":1}}
{"_id":{"$oid":"5e74c4d87c50db01125ecd6d"},"_name":"LovHur","frequencies":{"MLKChefLean":1}}
{"_id":{"$oid":"5e74c4d97c50db01125ecd6e"},"_name":"cododegato","frequencies":{"AmelNGO":1,"nothilfe":1}}
{"_id":{"$oid":"5e74c4d97c50db01125ecd6f"},"_name":"RickestRickC317","frequencies":{"republic":1}}
{"_id":{"$oid":"5e74c4d97c50db01125ecd70"},"_name":"nadxhn","frequencies":{"vetriciawizach":1}}
{"_id":{"$oid":"5e74c4d97c50db01125ecd71"},"_name":"sotunjea","frequencies":{"ustadtengkuzul":1}}
{"_id":{"$oid":"5e74c4d97c50db01125ecd72"},"_name":"stougie","frequencies":{"ZwolleNu_nieuws":1}}
{"_id":{"$oid":"5e74c4d97c50db01125ecd73"},"_name":"nyekar_o","frequencies":{"Danny_Walterr":1}}
{"_id":{"$oid":"5e74c4d97c50db01125ecd74"},"_name":"FadhilahRaz","frequencies":{"ChrisEnteri":1}}
{"_id":{"$oid":"5e74c4d97c50db01125ecd75"},"_name":"abiddshahrer","frequencies":{"ChrisEnteri":1}}
{"_id":{"$oid":"5e74c4d97c50db01125ecd76"},"_name":"munkhchuluun_s","frequencies":{"BILD":1}}
{"_id":{"$oid":"5e74c4d97c50db01125ecd77"},"_name":"sofiasampaiooo","frequencies":{"pullupnghost":1}}
{"_id":{"$oid":"5e74c4d97c50db01125ecd78"},"_name":"inaaharis","frequencies":{"MLKChefLean":1}}
{"_id":{"$oid":"5e74c4d97c50db01125ecd79"},"_name":"flyawayaww","frequencies":{"KuehniKev":1,"rbb24":1,"ARDKontraste":1}}
{"_id":{"$oid":"5e74c4d97c50db01125ecd7a"},"_name":"itscoworld","frequencies":{"toriarenee_":1}}
{"_id":{"$oid":"5e74c4d97c50db01125ecd7b"},"_name":"gencaydin","frequencies":{"ebrutaner1":1,"KAPLANHayati":1}}
{"_id":{"$oid":"5e74c4d97c50db01125ecd7c"},"_name":"cestemma3","frequencies":{"Blv_Sinera":1}}
{"_id":{"$oid":"5e74c4d97c50db01125ecd7d"},"_name":"4eyedSphinx","frequencies":{"William_Ukpe":2}}
{"_id":{"$oid":"5e74c4d97c50db01125ecd7e"},"_name":"Micha_am_Main","frequencies":{"hessenschau":1}}
{"_id":{"$oid":"5e74c4d97c50db01125ecd7f"},"_name":"SyahrulFzn","frequencies":{"PolJokesID":1}}
{"_id":{"$oid":"5e74c4d97c50db01125ecd80"},"_name":"LuizFer65636289","frequencies":{"OlavoOpressor":1}}
{"_id":{"$oid":"5e74c4d97c50db01125ecd81"},"_name":"vintenas","frequencies":{"jokowi":1}}
{"_id":{"$oid":"5e74c4d97c50db01125ecd82"},"_name":"humeelat","frequencies":{"TheHeadking__":1}}
{"_id":{"$oid":"5e74c4d97c50db01125ecd83"},"_name":"SupremeLeaderAK","frequencies":{"iDude14":1}}
{"_id":{"$oid":"5e74c4d97c50db01125ecd84"},"_name":"alergytelur","frequencies":{"aan__":1}}
{"_id":{"$oid":"5e74c4d97c50db01125ecd85"},"_name":"mbordewijk","frequencies":{"RobJetten":1,"geertwilderspvv":1}}
{"_id":{"$oid":"5e74c4d97c50db01125ecd86"},"_name":"ritarf_valente","frequencies":{"Cat_Domingues":1}}
{"_id":{"$oid":"5e74c4da7c50db01125ecd87"},"_name":"jamesbranch3","frequencies":{"NolteNC":1}}
{"_id":{"$oid":"5e74c4da7c50db01125ecd88"},"_name":"rickitriputra10","frequencies":{"iconaday":1,"IconUtopia":1,"iniPagi":1,"GraphicGang":1,"graphicroozane":1,"Iconscout":1,"iconfinder":1}}
{"_id":{"$oid":"5e74c4da7c50db01125ecd89"},"_name":"SmartCitizen40","frequencies":{"SmartCitizen40":1,"realDonaldTrump":1,"POTUS":1,"FLOTUS":1,"VP":1,"IvankaTrump":1,"RichardGrenell":1,"BarackObama":1,"jokowi":1,"KingSalman":1,"KensingtonRoyal":1}}
{"_id":{"$oid":"5e74c4da7c50db01125ecd8a"},"_name":"paozinhodoce14","frequencies":{"leticia_mbueno":1}}
{"_id":{"$oid":"5e74c4da7c50db01125ecd8b"},"_name":"Ailurocio_97","frequencies":{"Luuumengra":1}}
{"_id":{"$oid":"5e74c4da7c50db01125ecd8c"},"_name":"deisapriyani_","frequencies":{"negativisme":1,"TretanMuslim":1,"Rifkifahrezy_":1}}
{"_id":{"$oid":"5e74c4da7c50db01125ecd8d"},"_name":"erhan3460209331","frequencies":{"UretimYerli":1}}
{"_id":{"$oid":"5e74c4da7c50db01125ecd8e"},"_name":"moscolincom","frequencies":{"TheHeadking__":1}}
{"_id":{"$oid":"5e74c4da7c50db01125ecd8f"},"_name":"Valieri_Witch","frequencies":{"Luuumengra":1}}
{"_id":{"$oid":"5e74c4da7c50db01125ecd90"},"_name":"Abra_crack","frequencies":{"polinitito":1}}
{"_id":{"$oid":"5e74c4da7c50db01125ecd91"},"_name":"rohitch61395302","frequencies":{"MajorNeel":1}}
{"_id":{"$oid":"5e74c4da7c50db01125ecd92"},"_name":"fandyyyyy_","frequencies":{"SiiJagoan":1}}
{"_id":{"$oid":"5e74c4da7c50db01125ecd93"},"_name":"sarahsbrl","frequencies":{"fadhilblack_":1}}
{"_id":{"$oid":"5e74c4da7c50db01125ecd94"},"_name":"Lukaz_Santtos","frequencies":{"rolealeatorio":1}}
{"_id":{"$oid":"5e74c4da7c50db01125ecd95"},"_name":"VenkePrasad","frequencies":{"Vijayabaskarofl":1}}
{"_id":{"$oid":"5e74c4da7c50db01125ecd96"},"_name":"i0nah","frequencies":{"asapaimaaa":1}}
{"_id":{"$oid":"5e74c4da7c50db01125ecd97"},"_name":"aschentonne","frequencies":{"Muschelschloss":1}}
{"_id":{"$oid":"5e74c4da7c50db01125ecd98"},"_name":"NettleGoose","frequencies":{"virgosam70":1}}
{"_id":{"$oid":"5e74c4da7c50db01125ecd99"},"_name":"WBrouer","frequencies":{"TomGroenveld":1}}
{"_id":{"$oid":"5e74c4db7c50db01125ecd9a"},"_name":"meeraadhinakar","frequencies":{"ibalamurugan72":1}}
{"_id":{"$oid":"5e74c4db7c50db01125ecd9b"},"_name":"GwenxGirl","frequencies":{"ProNouk":1}}
{"_id":{"$oid":"5e74c4db7c50db01125ecd9c"},"_name":"ToTheeePoint","frequencies":{"Rishi_IHA":1,"ShefVaidya":1,"VictoriousNamo":1,"Miniraivnsgmai2":1,"DetheEshaSen":1,"JPulasaria":1,"ToTheeePoint":1}}
{"_id":{"$oid":"5e74c4db7c50db01125ecd9d"},"_name":"Winchester_Vd","frequencies":{"PeterSweden7":1}}
{"_id":{"$oid":"5e74c4db7c50db01125ecd9e"},"_name":"apreiskagilang","frequencies":{"wisanggeni_084":1}}
{"_id":{"$oid":"5e74c4db7c50db01125ecd9f"},"_name":"akuarekkene","frequencies":{"iyasayaulya":1}}
{"_id":{"$oid":"5e74c4db7c50db01125ecda0"},"_name":"PlvsVltraDst77","frequencies":{"chloedeceu":1}}
{"_id":{"$oid":"5e74c4db7c50db01125ecda1"},"_name":"mimpiindaaah","frequencies":{"PolJokesID":1}}
{"_id":{"$oid":"5e74c4db7c50db01125ecda2"},"_name":"EwoutKlei","frequencies":{"van9t5":1}}
{"_id":{"$oid":"5e74c4db7c50db01125ecda3"},"_name":"kuzen_as_rt","frequencies":{"TheDemli":1}}
{"_id":{"$oid":"5e74c4db7c50db01125ecda4"},"_name":"vdpyana","frequencies":{"ward_pattyn":1}}
{"_id":{"$oid":"5e74c4db7c50db01125ecda5"},"_name":"QUlTLANY","frequencies":{"waterkiek":1}}
{"_id":{"$oid":"5e74c4db7c50db01125ecda6"},"_name":"Introversum1","frequencies":{"AllenFrancesMD":1}}
{"_id":{"$oid":"5e74c4db7c50db01125ecda7"},"_name":"bartkolounger","frequencies":{"ConsumerSOS":1}}
{"_id":{"$oid":"5e74c4db7c50db01125ecda8"},"_name":"1905GialloRosso","frequencies":{"isibiliyosun":1}}
{"_id":{"$oid":"5e74c4db7c50db01125ecda9"},"_name":"SebastienJly","frequencies":{"Blv_Sinera":1}}
{"_id":{"$oid":"5e74c4db7c50db01125ecdaa"},"_name":"ndaaaahhhhhhh","frequencies":{"cukopalembang1":1}}
{"_id":{"$oid":"5e74c4db7c50db01125ecdab"},"_name":"herean01","frequencies":{"Yenamar41269818":1,"MOInsoumus":1}}
{"_id":{"$oid":"5e74c4db7c50db01125ecdac"},"_name":"abhinitk","frequencies":{"AudaciousQuest":1}}
{"_id":{"$oid":"5e74c4db7c50db01125ecdad"},"_name":"ypypm_ypypm","frequencies":{"BBCIndonesia":1}}
{"_id":{"$oid":"5e74c4dc7c50db01125ecdae"},"_name":"GarbaciakMichal","frequencies":{"sty__74":1}}
{"_id":{"$oid":"5e74c4dc7c50db01125ecdaf"},"_name":"afx___","frequencies":{"nxzirahhh":1}}
{"_id":{"$oid":"5e74c4dc7c50db01125ecdb0"},"_name":"wenxinvdl","frequencies":{"RTLnieuws":1}}
{"_id":{"$oid":"5e74c4dc7c50db01125ecdb1"},"_name":"hunniistar","frequencies":{"ChrisEnteri":1}}
{"_id":{"$oid":"5e74c4dc7c50db01125ecdb2"},"_name":"JosGale36565657","frequencies":{"HenryAlviarez":1}}
{"_id":{"$oid":"5e74c4dc7c50db01125ecdb3"},"_name":"arnoldsoedjadi","frequencies":{"permadiaktivis":1}}
{"_id":{"$oid":"5e74c4dc7c50db01125ecdb4"},"_name":"jawadaliqureshi","frequencies":{"shazransahib":1}}
{"_id":{"$oid":"5e74c4dc7c50db01125ecdb5"},"_name":"sarapedrosa16","frequencies":{"estoumuytriste":1}}
{"_id":{"$oid":"5e74c4dc7c50db01125ecdb6"},"_name":"MTFChandra","frequencies":{"kumparan":1}}
{"_id":{"$oid":"5e74c4dc7c50db01125ecdb7"},"_name":"advisor___69","frequencies":{"Miss_icesha":1}}
{"_id":{"$oid":"5e74c4dc7c50db01125ecdb8"},"_name":"neurotichealy","frequencies":{"toriarenee_":1}}
{"_id":{"$oid":"5e74c4dc7c50db01125ecdb9"},"_name":"VeenInfo","frequencies":{"TomGroenveld":1}}
{"_id":{"$oid":"5e74c4dc7c50db01125ecdba"},"_name":"abo_nora_77_","frequencies":{"thameeralamma":1}}
{"_id":{"$oid":"5e74c4dc7c50db01125ecdbb"},"_name":"Shreya07Bond","frequencies":{"wingsoffly":1}}
{"_id":{"$oid":"5e74c4dc7c50db01125ecdbc"},"_name":"moonxlightbb","frequencies":{"toriarenee_":1}}
{"_id":{"$oid":"5e74c4dc7c50db01125ecdbd"},"_name":"Julia_laBLGdu78","frequencies":{"FrozeIzBak":1}}
{"_id":{"$oid":"5e74c4dc7c50db01125ecdbe"},"_name":"clacanamarc","frequencies":{"Luuumengra":1}}
{"_id":{"$oid":"5e74c4dc7c50db01125ecdbf"},"_name":"Fetih03612793","frequencies":{"UretimYerli":2}}
{"_id":{"$oid":"5e74c4dc7c50db01125ecdc0"},"_name":"48bolaID","frequencies":{"cnbcindonesia":1}}
{"_id":{"$oid":"5e74c4dc7c50db01125ecdc1"},"_name":"yazar1_aysen","frequencies":{"purlenatac":1}}
{"_id":{"$oid":"5e74c4dc7c50db01125ecdc2"},"_name":"ryolandafit","frequencies":{"detikcom":5}}
{"_id":{"$oid":"5e74c4dc7c50db01125ecdc3"},"_name":"rasmiranjan2010","frequencies":{"Babu_Bhaiyaa":1,"bhak_sala":1}}
{"_id":{"$oid":"5e74c4dc7c50db01125ecdc4"},"_name":"DarkLight_TV","frequencies":{"theomcx":1}}
{"_id":{"$oid":"5e74c4dd7c50db01125ecdc5"},"_name":"MelodiePariseau","frequencies":{"MattStoicSteady":1}}
{"_id":{"$oid":"5e74c4dd7c50db01125ecdc6"},"_name":"dedeartha","frequencies":{"kumparan":1}}
{"_id":{"$oid":"5e74c4dd7c50db01125ecdc7"},"_name":"CNBCJou","frequencies":{"Berenberg_Econ":1}}
{"_id":{"$oid":"5e74c4dd7c50db01125ecdc8"},"_name":"AegisBridge","frequencies":{"HGMaassen":1}}
{"_id":{"$oid":"5e74c4dd7c50db01125ecdc9"},"_name":"Abdulla01832266","frequencies":{"mydream_waterr":1}}
{"_id":{"$oid":"5e74c4dd7c50db01125ecdca"},"_name":"WrnrtJade","frequencies":{"Blv_Sinera":1}}
{"_id":{"$oid":"5e74c4dd7c50db01125ecdcb"},"_name":"Eduardo49765817","frequencies":{"LuisMesina1":1}}
{"_id":{"$oid":"5e74c4dd7c50db01125ecdcc"},"_name":"ReneePronk","frequencies":{"geertwilderspvv":1,"andriesgknevel":1}}
{"_id":{"$oid":"5e74c4dd7c50db01125ecdcd"},"_name":"giftedyabour","frequencies":{"legitnghausa":1}}
{"_id":{"$oid":"5e74c4dd7c50db01125ecdce"},"_name":"BerphieTulunda","frequencies":{"yousefslym":1}}
{"_id":{"$oid":"5e74c4dd7c50db01125ecdcf"},"_name":"urfavplc","frequencies":{"cleomaharanizo":1,"NephiLaxmus":1}}
{"_id":{"$oid":"5e74c4dd7c50db01125ecdd0"},"_name":"sanglavi","frequencies":{"FrontlineKamran":1}}
{"_id":{"$oid":"5e74c4dd7c50db01125ecdd1"},"_name":"NJunawar","frequencies":{"ustadtengkuzul":1}}
{"_id":{"$oid":"5e74c4dd7c50db01125ecdd2"},"_name":"DeplorableW","frequencies":{"sxdoc":1}}
{"_id":{"$oid":"5e74c4dd7c50db01125ecdd3"},"_name":"fvckeddy","frequencies":{"LilUziLondon":1}}
{"_id":{"$oid":"5e74c4dd7c50db01125ecdd4"},"_name":"MJBlaueBlume","frequencies":{"derspiegel":1}}
{"_id":{"$oid":"5e74c4dd7c50db01125ecdd5"},"_name":"i_eyigun","frequencies":{"hasankirik19":1}}
{"_id":{"$oid":"5e74c4dd7c50db01125ecdd6"},"_name":"Crw0430","frequencies":{"techvolley":1}}
{"_id":{"$oid":"5e74c4dd7c50db01125ecdd7"},"_name":"chibbbiko","frequencies":{"watashiwasens3i":1}}
{"_id":{"$oid":"5e74c4de7c50db01125ecdd8"},"_name":"jesuislemecdMIB","frequencies":{"FrozeIzBak":1}}
{"_id":{"$oid":"5e74c4de7c50db01125ecdd9"},"_name":"aAmi0007","frequencies":{"DanyalGilani":1}}
{"_id":{"$oid":"5e74c4de7c50db01125ecdda"},"_name":"alexandraleandr","frequencies":{"rolealeatorio":1,"Xoneey":1}}
{"_id":{"$oid":"5e74c4de7c50db01125ecddb"},"_name":"akshaychandorka","frequencies":{"coolfunnytshirt":1,"ggiittiikkaa":1}}
{"_id":{"$oid":"5e74c4de7c50db01125ecddc"},"_name":"eumalves","frequencies":{"rolealeatorio":1}}
{"_id":{"$oid":"5e74c4de7c50db01125ecddd"},"_name":"tx0h","frequencies":{"Susannchen01":1}}
{"_id":{"$oid":"5e74c4de7c50db01125ecdde"},"_name":"MuhammadAqshalZ","frequencies":{"ustadtengkuzul":1}}
{"_id":{"$oid":"5e74c4de7c50db01125ecddf"},"_name":"Anurbps","frequencies":{"pullupnghost":1}}
{"_id":{"$oid":"5e74c4de7c50db01125ecde0"},"_name":"maggie_v96","frequencies":{"SammiHaneySassy":1,"josephineishere":1}}
{"_id":{"$oid":"5e74c4de7c50db01125ecde1"},"_name":"CarolC21","frequencies":{"abogadosvenezu1":1}}
{"_id":{"$oid":"5e74c4de7c50db01125ecde2"},"_name":"dweezycpt","frequencies":{"HISTORY_WATCHER":1,"Bayer":1}}
{"_id":{"$oid":"5e74c4de7c50db01125ecde3"},"_name":"m4gro","frequencies":{"rolealeatorio":1}}
{"_id":{"$oid":"5e74c4de7c50db01125ecde4"},"_name":"ajengptraa","frequencies":{"PolJokesID":1}}
{"_id":{"$oid":"5e74c4de7c50db01125ecde5"},"_name":"cherrybullct","frequencies":{"Luuumengra":1}}
{"_id":{"$oid":"5e74c4de7c50db01125ecde6"},"_name":"AC95","frequencies":{"vaziyetcomtr":1}}
{"_id":{"$oid":"5e74c4de7c50db01125ecde7"},"_name":"tamygds","frequencies":{"rolealeatorio":1}}
{"_id":{"$oid":"5e74c4de7c50db01125ecde8"},"_name":"arkeologila","frequencies":{"tomz_sadega":1}}
{"_id":{"$oid":"5e74c4de7c50db01125ecde9"},"_name":"anggiechaaa_","frequencies":{"PolJokesID":1}}
{"_id":{"$oid":"5e74c4de7c50db01125ecdea"},"_name":"maupuru","frequencies":{"Blv_Sinera":1}}
{"_id":{"$oid":"5e74c4de7c50db01125ecdeb"},"_name":"ecam_family","frequencies":{"OlavoOpressor":1}}
{"_id":{"$oid":"5e74c4de7c50db01125ecdec"},"_name":"rinjanibagaz","frequencies":{"hellosolechan":1}}
{"_id":{"$oid":"5e74c4de7c50db01125ecded"},"_name":"rahul1277","frequencies":{"amarguptajv":1,"ZeeNews":1,"Iamshuklavikas":1}}
{"_id":{"$oid":"5e74c4de7c50db01125ecdee"},"_name":"GolfSubWorldCup","frequencies":{"PaulNicholsonGO":1}}
{"_id":{"$oid":"5e74c4de7c50db01125ecdef"},"_name":"marguebct2","frequencies":{"midpatkey":1}}
{"_id":{"$oid":"5e74c4de7c50db01125ecdf0"},"_name":"Librajm87","frequencies":{"camilouribemed":2}}
{"_id":{"$oid":"5e74c4df7c50db01125ecdf1"},"_name":"luzstew","frequencies":{"Luuumengra":1}}
{"_id":{"$oid":"5e74c4df7c50db01125ecdf2"},"_name":"ThobileMc","frequencies":{"TheHeadking__":1}}
{"_id":{"$oid":"5e74c4df7c50db01125ecdf3"},"_name":"rivarlsn","frequencies":{"FrozeIzBak":1}}
{"_id":{"$oid":"5e74c4df7c50db01125ecdf4"},"_name":"meg_mackk","frequencies":{"mattcott22":1}}
{"_id":{"$oid":"5e74c4df7c50db01125ecdf5"},"_name":"Ina_albarracin","frequencies":{"Luuumengra":1}}
{"_id":{"$oid":"5e74c4df7c50db01125ecdf6"},"_name":"Fakhrizal_Alim","frequencies":{"kafiradikal":1,"jokowi":1}}
{"_id":{"$oid":"5e74c4df7c50db01125ecdf7"},"_name":"wacwhiz","frequencies":{"chinazzar_":1}}
{"_id":{"$oid":"5e74c4df7c50db01125ecdf8"},"_name":"Real3liverpool2","frequencies":{"raafat_saleh":1}}
{"_id":{"$oid":"5e74c4df7c50db01125ecdf9"},"_name":"VaessenT","frequencies":{"ValCoins":1}}
{"_id":{"$oid":"5e74c4df7c50db01125ecdfa"},"_name":"elisemeganx","frequencies":{"toriarenee_":1}}
{"_id":{"$oid":"5e74c4df7c50db01125ecdfb"},"_name":"Justine_brj","frequencies":{"Blv_Sinera":1}}
{"_id":{"$oid":"5e74c4df7c50db01125ecdfc"},"_name":"Altenpfleger123","frequencies":{"dunjahayali":1}}
{"_id":{"$oid":"5e74c4df7c50db01125ecdfd"},"_name":"pyptharidwar","frequencies":{"PypAyurved":2}}
{"_id":{"$oid":"5e74c4df7c50db01125ecdfe"},"_name":"nekrosnana","frequencies":{"maryinthesky":1}}
{"_id":{"$oid":"5e74c4df7c50db01125ecdff"},"_name":"tleopoldo","frequencies":{"_makavelijones":1}}
{"_id":{"$oid":"5e74c4df7c50db01125ece00"},"_name":"_atomic_dog","frequencies":{"GadhviLaxman":1}}
{"_id":{"$oid":"5e74c4df7c50db01125ece01"},"_name":"SpecialEdDem","frequencies":{"toriarenee_":1}}
{"_id":{"$oid":"5e74c4df7c50db01125ece02"},"_name":"janejane24","frequencies":{"AndreasAndy3131":1}}
{"_id":{"$oid":"5e74c4df7c50db01125ece03"},"_name":"RajselEmilien","frequencies":{"MLKChefLean":1}}
{"_id":{"$oid":"5e74c4df7c50db01125ece04"},"_name":"emad38663623","frequencies":{"SweenyBlaque":1,"DJNOPHRILLZ":1}}
{"_id":{"$oid":"5e74c4df7c50db01125ece05"},"_name":"DresdenRespekt","frequencies":{"BuntesDresden":1}}
{"_id":{"$oid":"5e74c4e07c50db01125ece06"},"_name":"agwpxx","frequencies":{"PolJokesID":1}}
{"_id":{"$oid":"5e74c4e07c50db01125ece07"},"_name":"CodyLeary","frequencies":{"realDonaldTrump":1}}
{"_id":{"$oid":"5e74c4e07c50db01125ece08"},"_name":"Alba_c96","frequencies":{"Luuumengra":1}}
{"_id":{"$oid":"5e74c4e07c50db01125ece09"},"_name":"sarahlrt","frequencies":{"fabuluch":1}}
{"_id":{"$oid":"5e74c4e07c50db01125ece0a"},"_name":"taulalopez","frequencies":{"Luuumengra":1}}
{"_id":{"$oid":"5e74c4e07c50db01125ece0b"},"_name":"antibuenismo","frequencies":{"polinitito":1}}
{"_id":{"$oid":"5e74c4e07c50db01125ece0c"},"_name":"KittEdotca","frequencies":{"anLFCfan":1}}
{"_id":{"$oid":"5e74c4e07c50db01125ece0d"},"_name":"BarzanyWA","frequencies":{"fadlizon":1,"ustadtengkuzul":1,"detikcom":1,"geloraco":1}}
{"_id":{"$oid":"5e74c4e07c50db01125ece0e"},"_name":"shaniarmurray","frequencies":{"toriarenee_":1}}
{"_id":{"$oid":"5e74c4e07c50db01125ece0f"},"_name":"SiddharthINC","frequencies":{"HarshBisaria":1}}
{"_id":{"$oid":"5e74c4e07c50db01125ece10"},"_name":"RyanPeEs","frequencies":{"ridwan_mr10":1}}
{"_id":{"$oid":"5e74c4e07c50db01125ece11"},"_name":"helderpereira98","frequencies":{"vitorvenancio_":1}}
{"_id":{"$oid":"5e74c4e07c50db01125ece12"},"_name":"neraka_jarum","frequencies":{"ronavioleta":1}}
{"_id":{"$oid":"5e74c4e07c50db01125ece13"},"_name":"SWETAJ0SHI","frequencies":{"AbhishBanerj":1}}
{"_id":{"$oid":"5e74c4e07c50db01125ece14"},"_name":"DixoFigueroa","frequencies":{"ResisTemplario":1}}
{"_id":{"$oid":"5e74c4e07c50db01125ece15"},"_name":"ruben_garcia11","frequencies":{"PeterSweden7":1}}
{"_id":{"$oid":"5e74c4e07c50db01125ece16"},"_name":"comesinwaves","frequencies":{"Luuumengra":1}}
{"_id":{"$oid":"5e74c4e07c50db01125ece17"},"_name":"eljoseluisin","frequencies":{"tulioramirezc":1}}
{"_id":{"$oid":"5e74c4e07c50db01125ece18"},"_name":"njihahrazali","frequencies":{"cepuden":1}}
{"_id":{"$oid":"5e74c4e07c50db01125ece19"},"_name":"PRATEEKGATTANI","frequencies":{"narendramodi":1}}
{"_id":{"$oid":"5e74c4e07c50db01125ece1a"},"_name":"TheFerEffect","frequencies":{"Luuumengra":1}}
{"_id":{"$oid":"5e74c4e07c50db01125ece1b"},"_name":"AminShPak","frequencies":{"Kasuri_6400":1}}
{"_id":{"$oid":"5e74c4e07c50db01125ece1c"},"_name":"cvsantttana","frequencies":{"estoumuytriste":1}}
{"_id":{"$oid":"5e74c4e07c50db01125ece1d"},"_name":"JelleVincke","frequencies":{"david_knockaert":1}}
{"_id":{"$oid":"5e74c4e07c50db01125ece1e"},"_name":"BidamiaVijay","frequencies":{"mvmeet":1}}
{"_id":{"$oid":"5e74c4e07c50db01125ece1f"},"_name":"aavridap","frequencies":{"merapi_news":1}}
{"_id":{"$oid":"5e74c4e17c50db01125ece20"},"_name":"g1ovane987","frequencies":{"_makavelijones":1}}
{"_id":{"$oid":"5e74c4e17c50db01125ece21"},"_name":"NurtenNurten17","frequencies":{"BMAS_Bund":1,"hubertus_heil":1}}
{"_id":{"$oid":"5e74c4e17c50db01125ece22"},"_name":"IzulV3","frequencies":{"merdekadotcom":1}}
{"_id":{"$oid":"5e74c4e17c50db01125ece23"},"_name":"aneurysmm__","frequencies":{"LadyBibliovert":1}}
{"_id":{"$oid":"5e74c4e17c50db01125ece24"},"_name":"Victorhergil","frequencies":{"Luuumengra":1}}
{"_id":{"$oid":"5e74c4e17c50db01125ece25"},"_name":"almasabriina","frequencies":{"ajaysaurus":1}}
{"_id":{"$oid":"5e74c4e17c50db01125ece26"},"_name":"zatties_","frequencies":{"ChrisEnteri":1}}
{"_id":{"$oid":"5e74c4e17c50db01125ece27"},"_name":"GrowthYorkshire","frequencies":{"ReporterGeorge":1,"KD4Reb":1,"hulllive":1}}
{"_id":{"$oid":"5e74c4e17c50db01125ece28"},"_name":"Gonalopimentel3","frequencies":{"pullupnghost":1}}
{"_id":{"$oid":"5e74c4e17c50db01125ece29"},"_name":"AparnaYv","frequencies":{"BharatSpandan":1}}
{"_id":{"$oid":"5e74c4e17c50db01125ece2a"},"_name":"futonnn93","frequencies":{"FrozeIzBak":1}}
{"_id":{"$oid":"5e74c4e17c50db01125ece2b"},"_name":"pc_vd_deewani2","frequencies":{"BDUTT":1}}
{"_id":{"$oid":"5e74c4e17c50db01125ece2c"},"_name":"ftnnramirahh","frequencies":{"toriarenee_":1}}
{"_id":{"$oid":"5e74c4e17c50db01125ece2d"},"_name":"RachellePetite","frequencies":{"toriarenee_":1}}
{"_id":{"$oid":"5e74c4e17c50db01125ece2e"},"_name":"Nagisss07","frequencies":{"FrozeIzBak":1}}
{"_id":{"$oid":"5e74c4e17c50db01125ece2f"},"_name":"Muis____","frequencies":{"VIVAcoid":1}}
{"_id":{"$oid":"5e74c4e17c50db01125ece30"},"_name":"dovall3","frequencies":{"rolealeatorio":1}}
{"_id":{"$oid":"5e74c4e17c50db01125ece31"},"_name":"nb_belles","frequencies":{"ChrisEnteri":1}}
{"_id":{"$oid":"5e74c4e17c50db01125ece32"},"_name":"mariabw99","frequencies":{"Luuumengra":1}}
{"_id":{"$oid":"5e74c4e17c50db01125ece33"},"_name":"arfahainaa","frequencies":{"defjbums_":1}}
{"_id":{"$oid":"5e74c4e17c50db01125ece34"},"_name":"poca8996","frequencies":{"Luuumengra":1}}
{"_id":{"$oid":"5e74c4e17c50db01125ece35"},"_name":"Wans_76","frequencies":{"merapi_news":1}}
{"_id":{"$oid":"5e74c4e17c50db01125ece36"},"_name":"beckmansasikter","frequencies":{"Ericson_ubbhult":1}}
{"_id":{"$oid":"5e74c4e17c50db01125ece37"},"_name":"OkanAvc96821158","frequencies":{"hasankirik19":1}}
{"_id":{"$oid":"5e74c4e27c50db01125ece38"},"_name":"KumarRohit_2","frequencies":{"romanaisarkhan":1,"ABPNews":1}}
{"_id":{"$oid":"5e74c4e27c50db01125ece39"},"_name":"lajstung","frequencies":{"linkswien":1}}
{"_id":{"$oid":"5e74c4e27c50db01125ece3a"},"_name":"xxanciox","frequencies":{"Luuumengra":1}}
{"_id":{"$oid":"5e74c4e27c50db01125ece3b"},"_name":"Rismadwii_23","frequencies":{"Hanfhis":1}}
{"_id":{"$oid":"5e74c4e27c50db01125ece3c"},"_name":"jjkluvpjmx","frequencies":{"LubaTV":1}}
{"_id":{"$oid":"5e74c4e27c50db01125ece3d"},"_name":"MiriamFarina","frequencies":{"ResisTemplario":1}}
{"_id":{"$oid":"5e74c4e27c50db01125ece3e"},"_name":"gionniel1","frequencies":{"soypedropedrosa":1,"patriciajaniot":1}}
{"_id":{"$oid":"5e74c4e27c50db01125ece3f"},"_name":"nieber_j","frequencies":{"watson_de":1}}
{"_id":{"$oid":"5e74c4e27c50db01125ece40"},"_name":"Donobene","frequencies":{"legitngnews":1}}
{"_id":{"$oid":"5e74c4e27c50db01125ece41"},"_name":"IN_ROL_0815","frequencies":{"GtzFrmming":1,"jensspahn":1}}
{"_id":{"$oid":"5e74c4e27c50db01125ece42"},"_name":"DanskeGymnasier","frequencies":{"BirgitteVeders":1}}
{"_id":{"$oid":"5e74c4e27c50db01125ece43"},"_name":"yanboim","frequencies":{"KRMTRoySuryo2":1}}
{"_id":{"$oid":"5e74c4e37c50db01125ece44"},"_name":"minnicat3","frequencies":{"triangelsolo":1}}
{"_id":{"$oid":"5e74c4e37c50db01125ece45"},"_name":"icaippeo","frequencies":{"kumparan":1}}
{"_id":{"$oid":"5e74c4e37c50db01125ece46"},"_name":"LucreFerrari01","frequencies":{"Luuumengra":1}}
{"_id":{"$oid":"5e74c4e37c50db01125ece47"},"_name":"deewgrace","frequencies":{"Luuumengra":1}}
{"_id":{"$oid":"5e74c4e37c50db01125ece48"},"_name":"enderozgun","frequencies":{"KemalBildisTC":1}}
{"_id":{"$oid":"5e74c4e37c50db01125ece49"},"_name":"aganthasyah","frequencies":{"detikcom":1}}
{"_id":{"$oid":"5e74c4e37c50db01125ece4a"},"_name":"King1Amrit","frequencies":{"BDUTT":1}}
{"_id":{"$oid":"5e74c4e37c50db01125ece4b"},"_name":"Tunaycetrk1","frequencies":{"hasankirik19":1,"muhasebeburosu":1}}
{"_id":{"$oid":"5e74c4e37c50db01125ece4c"},"_name":"shashi4aap","frequencies":{"CFLlightSabers":1}}
{"_id":{"$oid":"5e74c4e37c50db01125ece4d"},"_name":"El_Txef_A","frequencies":{"FobiddenColours":1,"Bandcamp":1}}
{"_id":{"$oid":"5e74c4e37c50db01125ece4e"},"_name":"lmoulin_rouge","frequencies":{"Luuumengra":1}}
{"_id":{"$oid":"5e74c4e37c50db01125ece4f"},"_name":"NoChapter","frequencies":{"JKCorden":1,"NiallOfficial":1}}
{"_id":{"$oid":"5e74c4e37c50db01125ece50"},"_name":"PHOEBS89","frequencies":{"toriarenee_":1}}
{"_id":{"$oid":"5e74c4e37c50db01125ece51"},"_name":"Saumaage","frequencies":{"KuehniKev":1,"rbb24":1,"ARDKontraste":1}}
{"_id":{"$oid":"5e74c4e37c50db01125ece52"},"_name":"Ayeshah43472410","frequencies":{"SpiralPastaa":1,"UsamaGill19":1}}
{"_id":{"$oid":"5e74c4e37c50db01125ece53"},"_name":"fitriadi21","frequencies":{"merapi_news":1}}
{"_id":{"$oid":"5e74c4e37c50db01125ece54"},"_name":"FscAragon","frequencies":{"frenalacurva":1}}
{"_id":{"$oid":"5e74c4e47c50db01125ece55"},"_name":"callmeull","frequencies":{"adisetyop":1}}
{"_id":{"$oid":"5e74c4e47c50db01125ece56"},"_name":"Minzo632004","frequencies":{"MalekGhoneim":1}}
{"_id":{"$oid":"5e74c4e47c50db01125ece57"},"_name":"diegobusoC","frequencies":{"polinitito":1}}
{"_id":{"$oid":"5e74c4e47c50db01125ece58"},"_name":"eumesmoluuh","frequencies":{"vivalavulvaloca":1}}
{"_id":{"$oid":"5e74c4e47c50db01125ece59"},"_name":"fikryaqyll","frequencies":{"ChrisEnteri":1}}
{"_id":{"$oid":"5e74c4e47c50db01125ece5a"},"_name":"SailorLight","frequencies":{"CBSNews":1}}
{"_id":{"$oid":"5e74c4e47c50db01125ece5b"},"_name":"barbeandi2019","frequencies":{"draveropdeg":1}}
{"_id":{"$oid":"5e74c4e47c50db01125ece5c"},"_name":"claaraortiz1","frequencies":{"Luuumengra":1}}
{"_id":{"$oid":"5e74c4e47c50db01125ece5d"},"_name":"EnriquePalenzue","frequencies":{"MLKChefLean":1}}
{"_id":{"$oid":"5e74c4e47c50db01125ece5e"},"_name":"heloise_ptz","frequencies":{"Blv_Sinera":2}}
{"_id":{"$oid":"5e74c4e57c50db01125ece5f"},"_name":"shbzsk","frequencies":{"MRashidpk1":1}}
{"_id":{"$oid":"5e74c4e57c50db01125ece60"},"_name":"HamToucher","frequencies":{"LeonieGreene":1}}
{"_id":{"$oid":"5e74c4e57c50db01125ece61"},"_name":"ravegbrl","frequencies":{"merapi_news":1}}
{"_id":{"$oid":"5e74c4e57c50db01125ece62"},"_name":"haq_optimist","frequencies":{"Ranjish_e_Khoon":1}}
{"_id":{"$oid":"5e74c4e57c50db01125ece63"},"_name":"selcancerci","frequencies":{"hasankirik19":1}}
{"_id":{"$oid":"5e74c4e57c50db01125ece64"},"_name":"OmarCalvario2","frequencies":{"draveropdeg":1}}
{"_id":{"$oid":"5e74c4e57c50db01125ece65"},"_name":"apaini1111","frequencies":{"KRMTRoySuryo2":1}}
{"_id":{"$oid":"5e74c4e57c50db01125ece66"},"_name":"DeLaetDaphne","frequencies":{"edisonarmj":1}}
{"_id":{"$oid":"5e74c4e57c50db01125ece67"},"_name":"tribunnews","frequencies":{"tribunnews":1}}
{"_id":{"$oid":"5e74c4e57c50db01125ece68"},"_name":"KSadashiva","frequencies":{"AskAnshul":1}}
{"_id":{"$oid":"5e74c4e67c50db01125ece69"},"_name":"Ardi48_o","frequencies":{"kumparan":1}}
{"_id":{"$oid":"5e74c4e67c50db01125ece6a"},"_name":"inseocircle","frequencies":{"PakarLogika":1}}
{"_id":{"$oid":"5e74c4e67c50db01125ece6b"},"_name":"2tijro","frequencies":{"Turandot19":1}}
{"_id":{"$oid":"5e74c4e67c50db01125ece6c"},"_name":"dorothea_rk","frequencies":{"adam_tooze":1}}
{"_id":{"$oid":"5e74c4e67c50db01125ece6d"},"_name":"extro_vertx","frequencies":{"toriarenee_":1}}
{"_id":{"$oid":"5e74c4e67c50db01125ece6e"},"_name":"CrazyLove4Dogs","frequencies":{"Starrey_Mashey":1}}
{"_id":{"$oid":"5e74c4e67c50db01125ece6f"},"_name":"StephanKoeAC","frequencies":{"dunjahayali":1}}
{"_id":{"$oid":"5e74c4e67c50db01125ece70"},"_name":"kademmanisa","frequencies":{"SalihaOkurGmr":1}}
{"_id":{"$oid":"5e74c4e67c50db01125ece71"},"_name":"Malfir_","frequencies":{"triangelsolo":1}}
{"_id":{"$oid":"5e74c4e67c50db01125ece72"},"_name":"Dessousandmore","frequencies":{"globaldefence":1}}
{"_id":{"$oid":"5e74c4e67c50db01125ece73"},"_name":"rienany","frequencies":{"jamjamsand":1}}
{"_id":{"$oid":"5e74c4e67c50db01125ece74"},"_name":"Rj21nagourisher","frequencies":{"mvmeet":1}}
{"_id":{"$oid":"5e74c4e67c50db01125ece75"},"_name":"Mansonproject","frequencies":{"sigitwid":1}}
{"_id":{"$oid":"5e74c4e67c50db01125ece76"},"_name":"rfaurinaaa","frequencies":{"BBCIndonesia":1}}
{"_id":{"$oid":"5e74c4e77c50db01125ece77"},"_name":"Lavinia82336991","frequencies":{"estoumuytriste":1}}
{"_id":{"$oid":"5e74c4e77c50db01125ece78"},"_name":"andreas_kuehne","frequencies":{"FloKlaffenbach":1}}
{"_id":{"$oid":"5e74c4e77c50db01125ece79"},"_name":"lwabubakar","frequencies":{"AdamIsmailAhma5":1}}
{"_id":{"$oid":"5e74c4e77c50db01125ece7a"},"_name":"eftelya_35","frequencies":{"KemalBildisTC":1}}
{"_id":{"$oid":"5e74c4e77c50db01125ece7b"},"_name":"dananwikoo","frequencies":{"PolJokesID":1}}
{"_id":{"$oid":"5e74c4e77c50db01125ece7c"},"_name":"literatureread","frequencies":{"Musicshrae":1,"Paging_Dr_Paige":1,"emilyjanespen":1}}
{"_id":{"$oid":"5e74c4e77c50db01125ece7d"},"_name":"johnaw19","frequencies":{"MayorofLondon":1}}
{"_id":{"$oid":"5e74c4e77c50db01125ece7e"},"_name":"Rolf38810031","frequencies":{"Spioniere":1,"Glitzertrulla":1,"BennRostock":1}}
{"_id":{"$oid":"5e74c4e77c50db01125ece7f"},"_name":"joelmaanovaes","frequencies":{"pefabiodemelo":1}}
{"_id":{"$oid":"5e74c4e77c50db01125ece80"},"_name":"sahruljayu","frequencies":{"catsedih":1}}
{"_id":{"$oid":"5e74c4e77c50db01125ece81"},"_name":"RK_Souzaa","frequencies":{"rolealeatorio":1}}
{"_id":{"$oid":"5e74c4e77c50db01125ece82"},"_name":"Wave93617235","frequencies":{"virgosam70":1}}
{"_id":{"$oid":"5e74c4e77c50db01125ece83"},"_name":"Rossatto_M18","frequencies":{"Luuumengra":1}}
{"_id":{"$oid":"5e74c4e77c50db01125ece84"},"_name":"naseopid","frequencies":{"Danny_Walterr":1}}
{"_id":{"$oid":"5e74c4e77c50db01125ece85"},"_name":"Erynariffin1","frequencies":{"ChrisEnteri":1}}
{"_id":{"$oid":"5e74c4e77c50db01125ece86"},"_name":"binniesmalls","frequencies":{"BesnikEmini5":1}}
{"_id":{"$oid":"5e74c4e87c50db01125ece87"},"_name":"yuneiyaaa","frequencies":{"liyanaaazmn":1,"syzanisya":1}}
{"_id":{"$oid":"5e74c4e87c50db01125ece88"},"_name":"vijayrajput","frequencies":{"bhak_sala":1}}
{"_id":{"$oid":"5e74c4e87c50db01125ece89"},"_name":"dicle_dcll","frequencies":{"mattelif":1}}
{"_id":{"$oid":"5e74c4e87c50db01125ece8a"},"_name":"dogfriend6","frequencies":{"KormosKlaus":1}}
{"_id":{"$oid":"5e74c4e87c50db01125ece8b"},"_name":"YnsChaudhary","frequencies":{"Ram_Guha":1}}
{"_id":{"$oid":"5e74c4e87c50db01125ece8c"},"_name":"aguustorress_","frequencies":{"Luuumengra":1}}
{"_id":{"$oid":"5e74c4e87c50db01125ece8d"},"_name":"LaSajMine","frequencies":{"Blv_Sinera":1}}
{"_id":{"$oid":"5e74c4e87c50db01125ece8e"},"_name":"ApekshaSidhaye","frequencies":{"TheAaryanKartik":1,"narendramodi":1}}
{"_id":{"$oid":"5e74c4e87c50db01125ece8f"},"_name":"shriyu03","frequencies":{"kakar_harsha":1}}
{"_id":{"$oid":"5e74c4e87c50db01125ece90"},"_name":"sandalsisehan","frequencies":{"jr_kw19":1}}
{"_id":{"$oid":"5e74c4e87c50db01125ece91"},"_name":"jar0fheart_","frequencies":{"ChrisEnteri":1}}
{"_id":{"$oid":"5e74c4e87c50db01125ece92"},"_name":"Minfanfann","frequencies":{"handokotjung":1}}
{"_id":{"$oid":"5e74c4e87c50db01125ece93"},"_name":"Nayakjayeshkum1","frequencies":{"chitraaum":1}}
{"_id":{"$oid":"5e74c4e87c50db01125ece94"},"_name":"castachamp11","frequencies":{"FrozeIzBak":1}}
{"_id":{"$oid":"5e74c4e87c50db01125ece95"},"_name":"Puntadelanza191","frequencies":{"abogadosvenezu1":1}}
{"_id":{"$oid":"5e74c4e87c50db01125ece96"},"_name":"_Dillionnn","frequencies":{"reflexjo":1,"ucryduringsex":1,"aandrewwz":3,"_Dillionnn":1,"diamondkeira1":1,"scarIvtte":1,"cuhmea":1,"DrNgga":3,"rynstvnss":2,"hoodieslim":2,"vvictttoriaj":1,"lilly0k":1,"liluziwhore":2,"kaarennn_01":1,"GregDliper":1,"_Julian77":1,"_elvis300":1,"shortyyy13_":1,"GusMadrigal408":1,"drizzzyMo":1,"xojirin":1,"GaryPolemon":1,"TrimbleKaylie":1,"priscillam134":1,"iamtreyxii":3,"BrandoHemmings":1,"_kidnate_":1,"QueenPeachxo":1,"johnnysswifeu":1,"tae_lovesu":1,"raul_rayban33":1,"cmpgabe_":1,"DanzyDerri":1,"kawaiijazlyn":1,"katiepadillaaaa":1,"something_jose":1,"TheRealSilento":1,"YorakHunt6":1,"GeorgeHagner":1,"stephxniegarcia":1,"SaintP1neapple":1,"JaysHeavenly":1,"Denimzaddy":1,"drumxrgan":1,"delylah_8":1}}
{"_id":{"$oid":"5e74c4e97c50db01125ece97"},"_name":"CNNIndonesia","frequencies":{"CNNIDdaily":1}}
{"_id":{"$oid":"5e74c4e97c50db01125ece98"},"_name":"casanovanghju","frequencies":{"arrii_cha":1,"mamargros":1,"blueflatline":1,"MmeSoleil_":1,"StellaArrii":9,"marieftzjm":1,"carrrloup":1,"SadioMainMane":4,"CortiMarianna":1,"marie_jns":1,"SabePequeno_":1,"ninhosdt":1,"inesaikoo1":1,"misskinek":2,"Axelle_bsx":1,"toouns9":1,"Lise_bdq":1,"Andreactions":1,"cardiwonagrammy":1,"court_gette":1,"Luxumx":1,"PatrickAdemo":1,"kawtardhmm":1,"missDjulicious":1,"AbdessG":1,"mmvcig":1,"Desiiah":1,"lenasituations":2,"aazzazzeell":1,"luftjok":1,"aigleenzo":1,"lisouiIIe":1,"AuntyFire":1,"annabelle_b0n":1,"casanovanghju":2,"NamorYtb":1,"Nabilla":1,"Liandara3":1,"RealTVBest":1,"FredLesAnges":1}}
