{"_id":{"$oid":"5e74be939edc5260202c8b0d"},"_tag":"lka","frequencies":["SriLanka","COVID_19"]}
{"_id":{"$oid":"5e74be939edc5260202c8b0e"},"_tag":"SriLanka","frequencies":["lka","COVID_19"]}
{"_id":{"$oid":"5e74be939edc5260202c8b0f"},"_tag":"COVID_19","frequencies":["lka","SriLanka","Veranstaltungen","Stornierungskosten","CoronakKrise","Zahlungsschwierigkeiten","Coronavirus"]}
{"_id":{"$oid":"5e74be939edc5260202c8b10"},"_tag":"EvdeKalülkenikoru","frequencies":["Covid2019TR"]}
{"_id":{"$oid":"5e74be939edc5260202c8b11"},"_tag":"Covid2019TR","frequencies":["EvdeKalülkenikoru","coranaturkiye","Corona","EvdeKalTurkiye","Turkey","italya10","koronawirus","EvindeKalTurkiyem","Cuma","koronavirus","COVID19","SaglikcilariniAlkisla","FahrettinKoca","sağlıkbakanlığı","MaskeTak","EnverAyseverTeröristtir","hayirlicumalar","ohalilanedilsin","evdezamangecmiyor","EvdeKalUElkeniKoru","Wuhan","cumartesi","ProtestoEdiyorum","muhteremnur","359vaka"]}
{"_id":{"$oid":"5e74be939edc5260202c8b12"},"_tag":"Corona","frequencies":["AfD","COVID19","EvdeKal","ofistekal","KanikaKapoor","coranaturkiye","Covid2019TR","Covid_19","C","COVID2019","ChineseWuhanVirus","RGGH","Söder","Maßnahmen","RoodyRoodboy","Virus","urgent","karantènn","கேரளா","CoronaVirusUpdate","EvdeKalTurkiye","Turkey","italya10","كورونا","سويسرا","عكاظ","أن_تكون_أولا","Sukkur","Covid19","Dresden","CoronaVirusDE","IwashedmyHands","WashYourHands","danke","dankecorona","koronawirus","EvindeKalTurkiyem","Cuma","Coronavirus","Bevoelkerungsschutz","IndiaFightsCorona","grenzendicht","koronavirus","SaglikcilariniAlkisla","FahrettinKoca","sağlıkbakanlığı","MaskeTak","فيديو","Koronovirus","Ohal","SağlıkBakanı","İstanbul","Havadurumu","coronavirus","ücretlilerinmaaşıkesilmesin","uecretlioeğretmenlerinmaasıkesilmesin","hayirlicumalar","korona","CoronaOutbreak","2019nCoV","CoronaVirusUpdates","CoronaViruesue","koronavirues","hasta","KOVID19","Überwachung","Datenschutz","COVID2019NL","ForABetterIndia","CoronaStopKaroNa","EnverAyseverTeröristtir","ohalilanedilsin","evdezamangecmiyor","EvdeKalUElkeniKoru","Wuhan","cumartesi","ProtestoEdiyorum","muhteremnur","359vaka","SONDURUM","Covid2019","Rêveberiya_Xweser","swêdî"]}
{"_id":{"$oid":"5e74be939edc5260202c8b13"},"_tag":"AfD","frequencies":["Corona"]}
{"_id":{"$oid":"5e74be939edc5260202c8b14"},"_tag":"COVID19","frequencies":["Corona","CoronaCamps","CoronaVirusUpdate","corona","hamsteren","coronavirus","KanikaKapoor","SpringBreak","Coronavirus","COVID2019","ChineseWuhanVirus","Bevoelkerungsschutz","health","medicine","disease","virus","medical","homelanddefense","homelandsecurity","military","dod","pandemic","emergencymanagement","defense","defenseproduction","koronavirus","Covid2019TR","SaglikcilariniAlkisla","FahrettinKoca","sağlıkbakanlığı","MaskeTak","Koronovirus","Ohal","SağlıkBakanı","EvdeKal","İstanbul","italya10","Havadurumu","korona","CoronaOutbreak","2019nCoV","CoronaVirusUpdates","CoronaViruesue","koronawirus","koronavirues","hasta","KOVID19","COVIDー19","Cornaviruslombardia","CoronaVirusitaly","como","trento","tessin","lugano","schweiz","bern","basel","Covid_19","COVID19italia","covid19italy","Coronaviriusitalia","coronavirusitalIa","COVID","Lombardie","Lombardia","coronaviruskenya","CoronavirusInSA","SASSACares","COVID2019NL"]}
{"_id":{"$oid":"5e74be939edc5260202c8b15"},"_tag":"EvdeKal","frequencies":["Corona","ofistekal","BEYANLARUZATILSIN","Koronovirus","Ohal","SağlıkBakanı","COVID19","İstanbul","italya10","Havadurumu"]}
{"_id":{"$oid":"5e74be939edc5260202c8b16"},"_tag":"ofistekal","frequencies":["Corona","EvdeKal"]}
{"_id":{"$oid":"5e74be939edc5260202c8b17"},"_tag":"corona","frequencies":["ünalkuruyemis","ünal","kuruyemiş","taze","lezzet","çerez","sağlık","sağlıklıbeslenme","atıştırmalık","indirim","online","sale","ankara","coffee","nuts","healthy","nutsaboutnuts","walnuts","yummy","food","healthyfood","здороваяедаиспорт","جوز","COVID19","hamsteren","coronavirus","zwolle","familierecht","thequbicklabs","virus","covid_19","covid","pandemic","icon","icondesigner","iconset","icondesign","icona","jantacurfew22march","socialdistancing","staysafe","stayhome","selfisolation","palji","van9tot5","cartoon","COVID2019","UnhasTurunTangan","Islamabad","highcourt","KoronaTürkiye","smentertainment","kpop","exo","SUPERJUNIOR","snsd","fx","BoA","nct","wayv","smrookies","redvelvet","SHINee","TVXQ","covid19","indonesia","HUL","CoronaVirusDE","coronavirusdeutschland","Saamhorigheid","helpen","zorgpersoneel","ouderen","coronaNederland","Covid19NL","coronahulp","coronacontact","hulplijn","eerbetoon","highriskcovid19","highrisk","covıd19","HayırlıCumalar","EvdeKalÜlkeniKoru","ProtestoEdiyorum","ParaÖdüllüBillgiYarışması","muhteremnur","coronatr","koronavirüs","COVID19tr","galatasaray","fenerbahçe","beşiktaş","link","film","sinema","izle","talisca","health","medicine","disease","medical","homelanddefense","homelandsecurity","military","dod","emergencymanagement","defense","defenseproduction","NirbhayaJustice","Nirbhaya","punish","NirbhayaVerdict","BathingSoap","Sanitizer","पतंजलि","quarentena","sextou","sqn","Coronalul","Coronavirus","COVIDー19","Cornaviruslombardia","CoronaVirusitaly","como","trento","tessin","lugano","schweiz","bern","basel","Covid_19","COVID19italia","covid19italy","Coronaviriusitalia","coronavirusitalIa","COVID","Lombardie","Lombardia","coronaviruskenya","poverty","friday","JaiHind","flattenthecurve","homeoffice","teamwork","postuning","Covid19","afd","korona","coronavirüsü","koronavirüsü","coronaturkiye","koronatürkiye","convit19","evdekal","evdekaltürkiye","saglik","yasam","turkiye","coronailemücadele","koronailemücadele","MittRomney"]}
{"_id":{"$oid":"5e74be939edc5260202c8b18"},"_tag":"CoronaVirus","frequencies":["BreakingNews","Afghanistan"]}
{"_id":{"$oid":"5e74be939edc5260202c8b19"},"_tag":"ünalkuruyemis","frequencies":["ünal","kuruyemiş","taze","lezzet","çerez","sağlık","sağlıklıbeslenme","atıştırmalık","indirim","online","sale","ankara","coffee","nuts","healthy","corona","nutsaboutnuts","walnuts","yummy","food","healthyfood","здороваяедаиспорт","جوز"]}
{"_id":{"$oid":"5e74be939edc5260202c8b1a"},"_tag":"ünal","frequencies":["ünalkuruyemis","kuruyemiş","taze","lezzet","çerez","sağlık","sağlıklıbeslenme","atıştırmalık","indirim","online","sale","ankara","coffee","nuts","healthy","corona","nutsaboutnuts","walnuts","yummy","food","healthyfood","здороваяедаиспорт","جوز"]}
{"_id":{"$oid":"5e74be949edc5260202c8b1b"},"_tag":"kuruyemiş","frequencies":["ünalkuruyemis","ünal","taze","lezzet","çerez","sağlık","sağlıklıbeslenme","atıştırmalık","indirim","online","sale","ankara","coffee","nuts","healthy","corona","nutsaboutnuts","walnuts","yummy","food","healthyfood","здороваяедаиспорт","جوز"]}
{"_id":{"$oid":"5e74be949edc5260202c8b1c"},"_tag":"taze","frequencies":["ünalkuruyemis","ünal","kuruyemiş","lezzet","çerez","sağlık","sağlıklıbeslenme","atıştırmalık","indirim","online","sale","ankara","coffee","nuts","healthy","corona","nutsaboutnuts","walnuts","yummy","food","healthyfood","здороваяедаиспорт","جوز"]}
{"_id":{"$oid":"5e74be949edc5260202c8b1d"},"_tag":"lezzet","frequencies":["ünalkuruyemis","ünal","kuruyemiş","taze","çerez","sağlık","sağlıklıbeslenme","atıştırmalık","indirim","online","sale","ankara","coffee","nuts","healthy","corona","nutsaboutnuts","walnuts","yummy","food","healthyfood","здороваяедаиспорт","جوز"]}
{"_id":{"$oid":"5e74be949edc5260202c8b1e"},"_tag":"çerez","frequencies":["ünalkuruyemis","ünal","kuruyemiş","taze","lezzet","sağlık","sağlıklıbeslenme","atıştırmalık","indirim","online","sale","ankara","coffee","nuts","healthy","corona","nutsaboutnuts","walnuts","yummy","food","healthyfood","здороваяедаиспорт","جوز"]}
{"_id":{"$oid":"5e74be949edc5260202c8b1f"},"_tag":"sağlık","frequencies":["ünalkuruyemis","ünal","kuruyemiş","taze","lezzet","çerez","sağlıklıbeslenme","atıştırmalık","indirim","online","sale","ankara","coffee","nuts","healthy","corona","nutsaboutnuts","walnuts","yummy","food","healthyfood","здороваяедаиспорт","جوز"]}
{"_id":{"$oid":"5e74be949edc5260202c8b20"},"_tag":"sağlıklıbeslenme","frequencies":["ünalkuruyemis","ünal","kuruyemiş","taze","lezzet","çerez","sağlık","atıştırmalık","indirim","online","sale","ankara","coffee","nuts","healthy","corona","nutsaboutnuts","walnuts","yummy","food","healthyfood","здороваяедаиспорт","جوز"]}
{"_id":{"$oid":"5e74be949edc5260202c8b21"},"_tag":"atıştırmalık","frequencies":["ünalkuruyemis","ünal","kuruyemiş","taze","lezzet","çerez","sağlık","sağlıklıbeslenme","indirim","online","sale","ankara","coffee","nuts","healthy","corona","nutsaboutnuts","walnuts","yummy","food","healthyfood","здороваяедаиспорт","جوز"]}
{"_id":{"$oid":"5e74be949edc5260202c8b22"},"_tag":"indirim","frequencies":["ünalkuruyemis","ünal","kuruyemiş","taze","lezzet","çerez","sağlık","sağlıklıbeslenme","atıştırmalık","online","sale","ankara","coffee","nuts","healthy","corona","nutsaboutnuts","walnuts","yummy","food","healthyfood","здороваяедаиспорт","جوز"]}
{"_id":{"$oid":"5e74be949edc5260202c8b23"},"_tag":"online","frequencies":["ünalkuruyemis","ünal","kuruyemiş","taze","lezzet","çerez","sağlık","sağlıklıbeslenme","atıştırmalık","indirim","sale","ankara","coffee","nuts","healthy","corona","nutsaboutnuts","walnuts","yummy","food","healthyfood","здороваяедаиспорт","جوز"]}
{"_id":{"$oid":"5e74be949edc5260202c8b24"},"_tag":"sale","frequencies":["ünalkuruyemis","ünal","kuruyemiş","taze","lezzet","çerez","sağlık","sağlıklıbeslenme","atıştırmalık","indirim","online","ankara","coffee","nuts","healthy","corona","nutsaboutnuts","walnuts","yummy","food","healthyfood","здороваяедаиспорт","جوز"]}
{"_id":{"$oid":"5e74be949edc5260202c8b25"},"_tag":"ankara","frequencies":["ünalkuruyemis","ünal","kuruyemiş","taze","lezzet","çerez","sağlık","sağlıklıbeslenme","atıştırmalık","indirim","online","sale","coffee","nuts","healthy","corona","nutsaboutnuts","walnuts","yummy","food","healthyfood","здороваяедаиспорт","جوز"]}
{"_id":{"$oid":"5e74be949edc5260202c8b26"},"_tag":"coffee","frequencies":["ünalkuruyemis","ünal","kuruyemiş","taze","lezzet","çerez","sağlık","sağlıklıbeslenme","atıştırmalık","indirim","online","sale","ankara","nuts","healthy","corona","nutsaboutnuts","walnuts","yummy","food","healthyfood","здороваяедаиспорт","جوز"]}
{"_id":{"$oid":"5e74be949edc5260202c8b27"},"_tag":"nuts","frequencies":["ünalkuruyemis","ünal","kuruyemiş","taze","lezzet","çerez","sağlık","sağlıklıbeslenme","atıştırmalık","indirim","online","sale","ankara","coffee","healthy","corona","nutsaboutnuts","walnuts","yummy","food","healthyfood","здороваяедаиспорт","جوز"]}
{"_id":{"$oid":"5e74be949edc5260202c8b28"},"_tag":"healthy","frequencies":["ünalkuruyemis","ünal","kuruyemiş","taze","lezzet","çerez","sağlık","sağlıklıbeslenme","atıştırmalık","indirim","online","sale","ankara","coffee","nuts","corona","nutsaboutnuts","walnuts","yummy","food","healthyfood","здороваяедаиспорт","جوز"]}
{"_id":{"$oid":"5e74be949edc5260202c8b29"},"_tag":"nutsaboutnuts","frequencies":["ünalkuruyemis","ünal","kuruyemiş","taze","lezzet","çerez","sağlık","sağlıklıbeslenme","atıştırmalık","indirim","online","sale","ankara","coffee","nuts","healthy","corona","walnuts","yummy","food","healthyfood","здороваяедаиспорт","جوز"]}
{"_id":{"$oid":"5e74be949edc5260202c8b2a"},"_tag":"walnuts","frequencies":["ünalkuruyemis","ünal","kuruyemiş","taze","lezzet","çerez","sağlık","sağlıklıbeslenme","atıştırmalık","indirim","online","sale","ankara","coffee","nuts","healthy","corona","nutsaboutnuts","yummy","food","healthyfood","здороваяедаиспорт","جوز"]}
{"_id":{"$oid":"5e74be949edc5260202c8b2b"},"_tag":"yummy","frequencies":["ünalkuruyemis","ünal","kuruyemiş","taze","lezzet","çerez","sağlık","sağlıklıbeslenme","atıştırmalık","indirim","online","sale","ankara","coffee","nuts","healthy","corona","nutsaboutnuts","walnuts","food","healthyfood","здороваяедаиспорт","جوز"]}
{"_id":{"$oid":"5e74be949edc5260202c8b2c"},"_tag":"food","frequencies":["ünalkuruyemis","ünal","kuruyemiş","taze","lezzet","çerez","sağlık","sağlıklıbeslenme","atıştırmalık","indirim","online","sale","ankara","coffee","nuts","healthy","corona","nutsaboutnuts","walnuts","yummy","healthyfood","здороваяедаиспорт","جوز"]}
{"_id":{"$oid":"5e74be949edc5260202c8b2d"},"_tag":"healthyfood","frequencies":["ünalkuruyemis","ünal","kuruyemiş","taze","lezzet","çerez","sağlık","sağlıklıbeslenme","atıştırmalık","indirim","online","sale","ankara","coffee","nuts","healthy","corona","nutsaboutnuts","walnuts","yummy","food","здороваяедаиспорт","جوز"]}
{"_id":{"$oid":"5e74be949edc5260202c8b2e"},"_tag":"здороваяедаиспорт","frequencies":["ünalkuruyemis","ünal","kuruyemiş","taze","lezzet","çerez","sağlık","sağlıklıbeslenme","atıştırmalık","indirim","online","sale","ankara","coffee","nuts","healthy","corona","nutsaboutnuts","walnuts","yummy","food","healthyfood","جوز"]}
{"_id":{"$oid":"5e74be949edc5260202c8b2f"},"_tag":"جوز","frequencies":["ünalkuruyemis","ünal","kuruyemiş","taze","lezzet","çerez","sağlık","sağlıklıbeslenme","atıştırmalık","indirim","online","sale","ankara","coffee","nuts","healthy","corona","nutsaboutnuts","walnuts","yummy","food","healthyfood","здороваяедаиспорт"]}
{"_id":{"$oid":"5e74be949edc5260202c8b30"},"_tag":"CoronaCamps","frequencies":["COVID19","CoronaVirusUpdate"]}
{"_id":{"$oid":"5e74be949edc5260202c8b31"},"_tag":"CoronaVirusUpdate","frequencies":["COVID19","CoronaCamps","CoronaJancok","AksiNyataLawanCorona","JumatBerkah","SetengahGila","கேரளா","Corona","Covid_19","korona","CoronaOutbreak","2019nCoV","CoronaVirusUpdates","koronavirus","CoronaViruesue","Coronavirus","COVID2019","koronawirus","koronavirues","hasta","KOVID19","China","Iran","Italy","Venezuela","Trump","CoronaIndonesia"]}
{"_id":{"$oid":"5e74be949edc5260202c8b32"},"_tag":"coronavirus","frequencies":["hamsteren","corona","COVID19","jantacurfew22march","socialdistancing","staysafe","stayhome","covid_19","selfisolation","palji","Poll","covid19","covidー19","chlorine","virus","CoronaVirusDE","coronavirusdeutschland","highriskcovid19","highrisk","covıd19","health","medicine","disease","medical","homelanddefense","homelandsecurity","military","dod","pandemic","emergencymanagement","defense","defenseproduction","KanikaKapoor","Corona","quarentena","sextou","sqn","SetengahGila","NegaraDiambangKehancuran","AksiNyataLawanCorona","influencer","AfterHours","PolriBantuCegahCorona","polriantisipasikorona","petanipenolongnegeri","DaerahSigapCorona","TESTVIRUSNOW","TestCoronaGratis","CoronaIndonesia","CoronaJancok","babyyoda","flattenthecurve","homeoffice","teamwork","postuning","Covid19"]}
{"_id":{"$oid":"5e74be949edc5260202c8b33"},"_tag":"TooManySelfProclaimedExperts","frequencies":["RealExperts","AusgangsSperreJetzt"]}
{"_id":{"$oid":"5e74be949edc5260202c8b34"},"_tag":"RealExperts","frequencies":["TooManySelfProclaimedExperts","AusgangsSperreJetzt"]}
{"_id":{"$oid":"5e74be949edc5260202c8b35"},"_tag":"AusgangsSperreJetzt","frequencies":["TooManySelfProclaimedExperts","RealExperts"]}
{"_id":{"$oid":"5e74be959edc5260202c8b36"},"_tag":"hamsteren","frequencies":["coronavirus","corona","COVID19"]}
{"_id":{"$oid":"5e74be959edc5260202c8b37"},"_tag":"KanikaKapoor","frequencies":["Corona","COVID19","coronavirus"]}
{"_id":{"$oid":"5e74be959edc5260202c8b38"},"_tag":"CoronaStopKaroNa","frequencies":["CoronaVirusPakistan","Pakistan","news","politics","ImranKhan","pti","youtube","arifhameedbhatti","gnn","bilawalBhutto","ppp","pmln","maryamnawaz","ForABetterIndia","Corona"]}
{"_id":{"$oid":"5e74be959edc5260202c8b39"},"_tag":"CoronaVirusPakistan","frequencies":["CoronaStopKaroNa","Pakistan","news","politics","ImranKhan","pti","youtube","arifhameedbhatti","gnn","bilawalBhutto","ppp","pmln","maryamnawaz"]}
{"_id":{"$oid":"5e74be959edc5260202c8b3a"},"_tag":"Pakistan","frequencies":["CoronaStopKaroNa","CoronaVirusPakistan","news","politics","ImranKhan","pti","youtube","arifhameedbhatti","gnn","bilawalBhutto","ppp","pmln","maryamnawaz"]}
{"_id":{"$oid":"5e74be959edc5260202c8b3b"},"_tag":"news","frequencies":["CoronaStopKaroNa","CoronaVirusPakistan","Pakistan","politics","ImranKhan","pti","youtube","arifhameedbhatti","gnn","bilawalBhutto","ppp","pmln","maryamnawaz"]}
{"_id":{"$oid":"5e74be959edc5260202c8b3c"},"_tag":"politics","frequencies":["CoronaStopKaroNa","CoronaVirusPakistan","Pakistan","news","ImranKhan","pti","youtube","arifhameedbhatti","gnn","bilawalBhutto","ppp","pmln","maryamnawaz"]}
{"_id":{"$oid":"5e74be959edc5260202c8b3d"},"_tag":"ImranKhan","frequencies":["CoronaStopKaroNa","CoronaVirusPakistan","Pakistan","news","politics","pti","youtube","arifhameedbhatti","gnn","bilawalBhutto","ppp","pmln","maryamnawaz"]}
{"_id":{"$oid":"5e74be959edc5260202c8b3e"},"_tag":"pti","frequencies":["CoronaStopKaroNa","CoronaVirusPakistan","Pakistan","news","politics","ImranKhan","youtube","arifhameedbhatti","gnn","bilawalBhutto","ppp","pmln","maryamnawaz"]}
{"_id":{"$oid":"5e74be959edc5260202c8b3f"},"_tag":"youtube","frequencies":["CoronaStopKaroNa","CoronaVirusPakistan","Pakistan","news","politics","ImranKhan","pti","arifhameedbhatti","gnn","bilawalBhutto","ppp","pmln","maryamnawaz"]}
{"_id":{"$oid":"5e74be959edc5260202c8b40"},"_tag":"arifhameedbhatti","frequencies":["CoronaStopKaroNa","CoronaVirusPakistan","Pakistan","news","politics","ImranKhan","pti","youtube","gnn","bilawalBhutto","ppp","pmln","maryamnawaz"]}
{"_id":{"$oid":"5e74be959edc5260202c8b41"},"_tag":"gnn","frequencies":["CoronaStopKaroNa","CoronaVirusPakistan","Pakistan","news","politics","ImranKhan","pti","youtube","arifhameedbhatti","bilawalBhutto","ppp","pmln","maryamnawaz"]}
{"_id":{"$oid":"5e74be959edc5260202c8b42"},"_tag":"bilawalBhutto","frequencies":["CoronaStopKaroNa","CoronaVirusPakistan","Pakistan","news","politics","ImranKhan","pti","youtube","arifhameedbhatti","gnn","ppp","pmln","maryamnawaz"]}
{"_id":{"$oid":"5e74be959edc5260202c8b43"},"_tag":"ppp","frequencies":["CoronaStopKaroNa","CoronaVirusPakistan","Pakistan","news","politics","ImranKhan","pti","youtube","arifhameedbhatti","gnn","bilawalBhutto","pmln","maryamnawaz"]}
{"_id":{"$oid":"5e74be959edc5260202c8b44"},"_tag":"pmln","frequencies":["CoronaStopKaroNa","CoronaVirusPakistan","Pakistan","news","politics","ImranKhan","pti","youtube","arifhameedbhatti","gnn","bilawalBhutto","ppp","maryamnawaz"]}
{"_id":{"$oid":"5e74be959edc5260202c8b45"},"_tag":"maryamnawaz","frequencies":["CoronaStopKaroNa","CoronaVirusPakistan","Pakistan","news","politics","ImranKhan","pti","youtube","arifhameedbhatti","gnn","bilawalBhutto","ppp","pmln"]}
{"_id":{"$oid":"5e74be959edc5260202c8b46"},"_tag":"coranaturkiye","frequencies":["Covid2019TR","Corona"]}
{"_id":{"$oid":"5e74be959edc5260202c8b47"},"_tag":"SpringBreak","frequencies":["COVID19"]}
{"_id":{"$oid":"5e74be959edc5260202c8b48"},"_tag":"zwolle","frequencies":["corona"]}
{"_id":{"$oid":"5e74be959edc5260202c8b49"},"_tag":"Covid_19","frequencies":["Corona","C","CoronaVirusUpdate","catala","CRG","DRK","Wohlfahrtspflege","YoullNeverWalkAlone","zeiklozevrijdagavond","CoronaCrisis","Coronavirus","COVID19","COVIDー19","Cornaviruslombardia","CoronaVirusitaly","como","trento","tessin","lugano","schweiz","bern","basel","COVID2019","COVID19italia","covid19italy","Coronaviriusitalia","coronavirusitalIa","COVID","Lombardie","Lombardia","coronaviruskenya","corona","koronavirus"]}
{"_id":{"$oid":"5e74be959edc5260202c8b4a"},"_tag":"C","frequencies":["Covid_19","Corona"]}
{"_id":{"$oid":"5e74be959edc5260202c8b4b"},"_tag":"Appelle","frequencies":["Ortenau","Polizei","Coronapartys"]}
{"_id":{"$oid":"5e74be959edc5260202c8b4c"},"_tag":"Ortenau","frequencies":["Appelle","Polizei","Coronapartys"]}
{"_id":{"$oid":"5e74be959edc5260202c8b4d"},"_tag":"Polizei","frequencies":["Appelle","Ortenau","Coronapartys"]}
{"_id":{"$oid":"5e74be959edc5260202c8b4e"},"_tag":"Coronapartys","frequencies":["Appelle","Ortenau","Polizei"]}
{"_id":{"$oid":"5e74be969edc5260202c8b4f"},"_tag":"Coronavirus","frequencies":["COVID19","Ausgangssperre","Bayern","Bevoelkerungsschutz","Corona","ECAT","EntryTestPreparations","FSc","GAT","MDCAT","NAT","Covid19DE","Dua","Friday","FridayThoughts","HighRiskCovid19","korona","CoronaOutbreak","2019nCoV","CoronaVirusUpdates","koronavirus","CoronaVirusUpdate","CoronaViruesue","COVID2019","koronawirus","koronavirues","hasta","KOVID19","COVIDー19","Cornaviruslombardia","CoronaVirusitaly","como","trento","tessin","lugano","schweiz","bern","basel","Covid_19","COVID19italia","covid19italy","Coronaviriusitalia","coronavirusitalIa","COVID","Lombardie","Lombardia","coronaviruskenya","corona","Veranstaltungen","Stornierungskosten","CoronakKrise","Zahlungsschwierigkeiten","COVID_19","COVID2019NL"]}
{"_id":{"$oid":"5e74be969edc5260202c8b50"},"_tag":"COVID2019","frequencies":["Corona","COVID19","ChineseWuhanVirus","van9tot5","cartoon","corona","korona","CoronaOutbreak","2019nCoV","CoronaVirusUpdates","koronavirus","CoronaVirusUpdate","CoronaViruesue","Coronavirus","koronawirus","koronavirues","hasta","KOVID19","COVIDー19","Cornaviruslombardia","CoronaVirusitaly","como","trento","tessin","lugano","schweiz","bern","basel","Covid_19","COVID19italia","covid19italy","Coronaviriusitalia","coronavirusitalIa","COVID","Lombardie","Lombardia","coronaviruskenya"]}
{"_id":{"$oid":"5e74be969edc5260202c8b51"},"_tag":"ChineseWuhanVirus","frequencies":["Corona","COVID19","COVID2019"]}
{"_id":{"$oid":"5e74be969edc5260202c8b52"},"_tag":"Ausgangssperre","frequencies":["Coronavirus"]}
{"_id":{"$oid":"5e74be969edc5260202c8b53"},"_tag":"familierecht","frequencies":["corona"]}
{"_id":{"$oid":"5e74be969edc5260202c8b54"},"_tag":"CDU","frequencies":["Spahn"]}
{"_id":{"$oid":"5e74be969edc5260202c8b55"},"_tag":"Spahn","frequencies":["CDU","Experten"]}
{"_id":{"$oid":"5e74be969edc5260202c8b56"},"_tag":"CoronaJancok","frequencies":["CoronaVirusUpdate","AksiNyataLawanCorona","JumatBerkah","SetengahGila","NegaraDiambangKehancuran","influencer","AfterHours","PolriBantuCegahCorona","polriantisipasikorona","petanipenolongnegeri","DaerahSigapCorona","TESTVIRUSNOW","TestCoronaGratis","CoronaIndonesia","coronavirus"]}
{"_id":{"$oid":"5e74be969edc5260202c8b57"},"_tag":"thequbicklabs","frequencies":["virus","corona","covid_19","covid","pandemic","icon","icondesigner","iconset","icondesign","icona"]}
{"_id":{"$oid":"5e74be969edc5260202c8b58"},"_tag":"virus","frequencies":["thequbicklabs","corona","covid_19","covid","pandemic","icon","icondesigner","iconset","icondesign","icona","coronavirus","chlorine","COVID19","health","medicine","disease","medical","homelanddefense","homelandsecurity","military","dod","emergencymanagement","defense","defenseproduction","korona","coronavirüsü","koronavirüsü","coronaturkiye","koronatürkiye","convit19","evdekal","evdekaltürkiye","saglik","yasam","turkiye","coronailemücadele","koronailemücadele"]}
{"_id":{"$oid":"5e74be969edc5260202c8b59"},"_tag":"covid_19","frequencies":["thequbicklabs","virus","corona","covid","pandemic","icon","icondesigner","iconset","icondesign","icona","jantacurfew22march","socialdistancing","coronavirus","staysafe","stayhome","selfisolation","palji","highriskcovid19","highrisk","covıd19"]}
{"_id":{"$oid":"5e74be969edc5260202c8b5a"},"_tag":"covid","frequencies":["thequbicklabs","virus","corona","covid_19","pandemic","icon","icondesigner","iconset","icondesign","icona"]}
{"_id":{"$oid":"5e74be969edc5260202c8b5b"},"_tag":"pandemic","frequencies":["thequbicklabs","virus","corona","covid_19","covid","icon","icondesigner","iconset","icondesign","icona","coronavirus","COVID19","health","medicine","disease","medical","homelanddefense","homelandsecurity","military","dod","emergencymanagement","defense","defenseproduction"]}
{"_id":{"$oid":"5e74be969edc5260202c8b5c"},"_tag":"icon","frequencies":["thequbicklabs","virus","corona","covid_19","covid","pandemic","icondesigner","iconset","icondesign","icona"]}
{"_id":{"$oid":"5e74be969edc5260202c8b5d"},"_tag":"icondesigner","frequencies":["thequbicklabs","virus","corona","covid_19","covid","pandemic","icon","iconset","icondesign","icona"]}
{"_id":{"$oid":"5e74be969edc5260202c8b5e"},"_tag":"iconset","frequencies":["thequbicklabs","virus","corona","covid_19","covid","pandemic","icon","icondesigner","icondesign","icona"]}
{"_id":{"$oid":"5e74be969edc5260202c8b5f"},"_tag":"icondesign","frequencies":["thequbicklabs","virus","corona","covid_19","covid","pandemic","icon","icondesigner","iconset","icona"]}
{"_id":{"$oid":"5e74be969edc5260202c8b60"},"_tag":"icona","frequencies":["thequbicklabs","virus","corona","covid_19","covid","pandemic","icon","icondesigner","iconset","icondesign"]}
{"_id":{"$oid":"5e74be969edc5260202c8b61"},"_tag":"AksiNyataLawanCorona","frequencies":["CoronaVirusUpdate","CoronaJancok","JumatBerkah","SetengahGila","NegaraDiambangKehancuran","influencer","AfterHours","PolriBantuCegahCorona","polriantisipasikorona","petanipenolongnegeri","DaerahSigapCorona","TESTVIRUSNOW","TestCoronaGratis","CoronaIndonesia","coronavirus"]}
{"_id":{"$oid":"5e74be969edc5260202c8b62"},"_tag":"JumatBerkah","frequencies":["CoronaVirusUpdate","CoronaJancok","AksiNyataLawanCorona","SetengahGila"]}
{"_id":{"$oid":"5e74be969edc5260202c8b63"},"_tag":"SetengahGila","frequencies":["CoronaVirusUpdate","CoronaJancok","AksiNyataLawanCorona","JumatBerkah","NegaraDiambangKehancuran","influencer","AfterHours","PolriBantuCegahCorona","polriantisipasikorona","petanipenolongnegeri","DaerahSigapCorona","TESTVIRUSNOW","TestCoronaGratis","CoronaIndonesia","coronavirus"]}
{"_id":{"$oid":"5e74be969edc5260202c8b64"},"_tag":"Fischer","frequencies":["Münster","Post","Seiten"]}
{"_id":{"$oid":"5e74be969edc5260202c8b65"},"_tag":"Münster","frequencies":["Fischer","Post","Seiten"]}
{"_id":{"$oid":"5e74be969edc5260202c8b66"},"_tag":"Post","frequencies":["Fischer","Münster","Seiten"]}
{"_id":{"$oid":"5e74be969edc5260202c8b67"},"_tag":"Seiten","frequencies":["Fischer","Münster","Post"]}
{"_id":{"$oid":"5e74be979edc5260202c8b68"},"_tag":"RGGH","frequencies":["Corona"]}
{"_id":{"$oid":"5e74be979edc5260202c8b69"},"_tag":"Söder","frequencies":["Corona","Maßnahmen"]}
{"_id":{"$oid":"5e74be979edc5260202c8b6a"},"_tag":"Maßnahmen","frequencies":["Söder","Corona"]}
{"_id":{"$oid":"5e74be979edc5260202c8b6b"},"_tag":"Bayern","frequencies":["Coronavirus"]}
{"_id":{"$oid":"5e74be979edc5260202c8b6c"},"_tag":"RoodyRoodboy","frequencies":["Corona","Virus","urgent","karantènn"]}
{"_id":{"$oid":"5e74be979edc5260202c8b6d"},"_tag":"Virus","frequencies":["RoodyRoodboy","Corona","urgent","karantènn"]}
{"_id":{"$oid":"5e74be979edc5260202c8b6e"},"_tag":"urgent","frequencies":["RoodyRoodboy","Corona","Virus","karantènn"]}
{"_id":{"$oid":"5e74be979edc5260202c8b6f"},"_tag":"karantènn","frequencies":["RoodyRoodboy","Corona","Virus","urgent"]}
{"_id":{"$oid":"5e74be979edc5260202c8b70"},"_tag":"கேரளா","frequencies":["CoronaVirusUpdate","Corona"]}
{"_id":{"$oid":"5e74be979edc5260202c8b71"},"_tag":"EvdeKalTurkiye","frequencies":["Turkey","Corona","Covid2019TR","italya10"]}
{"_id":{"$oid":"5e74be979edc5260202c8b72"},"_tag":"Turkey","frequencies":["EvdeKalTurkiye","Corona","Covid2019TR","italya10"]}
{"_id":{"$oid":"5e74be979edc5260202c8b73"},"_tag":"italya10","frequencies":["EvdeKalTurkiye","Turkey","Corona","Covid2019TR","Koronovirus","Ohal","SağlıkBakanı","COVID19","EvdeKal","İstanbul","Havadurumu","EnverAyseverTeröristtir","hayirlicumalar","ohalilanedilsin","evdezamangecmiyor","EvdeKalUElkeniKoru","Wuhan","cumartesi","ProtestoEdiyorum","muhteremnur"]}
{"_id":{"$oid":"5e74be979edc5260202c8b74"},"_tag":"jantacurfew22march","frequencies":["socialdistancing","coronavirus","corona","staysafe","stayhome","covid_19","selfisolation","palji"]}
{"_id":{"$oid":"5e74be979edc5260202c8b75"},"_tag":"socialdistancing","frequencies":["jantacurfew22march","coronavirus","corona","staysafe","stayhome","covid_19","selfisolation","palji","highriskcovid19","highrisk","covıd19"]}
{"_id":{"$oid":"5e74be979edc5260202c8b76"},"_tag":"staysafe","frequencies":["jantacurfew22march","socialdistancing","coronavirus","corona","stayhome","covid_19","selfisolation","palji"]}
{"_id":{"$oid":"5e74be979edc5260202c8b77"},"_tag":"stayhome","frequencies":["jantacurfew22march","socialdistancing","coronavirus","corona","staysafe","covid_19","selfisolation","palji"]}
{"_id":{"$oid":"5e74be979edc5260202c8b78"},"_tag":"selfisolation","frequencies":["jantacurfew22march","socialdistancing","coronavirus","corona","staysafe","stayhome","covid_19","palji"]}
{"_id":{"$oid":"5e74be979edc5260202c8b79"},"_tag":"palji","frequencies":["jantacurfew22march","socialdistancing","coronavirus","corona","staysafe","stayhome","covid_19","selfisolation"]}
{"_id":{"$oid":"5e74be979edc5260202c8b7a"},"_tag":"كورونا","frequencies":["سويسرا","عكاظ","أن_تكون_أولا","Corona","فيديو"]}
{"_id":{"$oid":"5e74be979edc5260202c8b7b"},"_tag":"سويسرا","frequencies":["كورونا","عكاظ","أن_تكون_أولا","Corona"]}
{"_id":{"$oid":"5e74be979edc5260202c8b7c"},"_tag":"عكاظ","frequencies":["كورونا","سويسرا","أن_تكون_أولا","Corona"]}
{"_id":{"$oid":"5e74be979edc5260202c8b7d"},"_tag":"أن_تكون_أولا","frequencies":["كورونا","سويسرا","عكاظ","Corona"]}
{"_id":{"$oid":"5e74be979edc5260202c8b7e"},"_tag":"TaiwanCanHelp","frequencies":["TaiwanModel"]}
{"_id":{"$oid":"5e74be979edc5260202c8b7f"},"_tag":"TaiwanModel","frequencies":["TaiwanCanHelp"]}
{"_id":{"$oid":"5e74be979edc5260202c8b80"},"_tag":"BEYANLARUZATILSIN","frequencies":["EvdeKal"]}
{"_id":{"$oid":"5e74be979edc5260202c8b81"},"_tag":"van9tot5","frequencies":["cartoon","COVID2019","corona"]}
{"_id":{"$oid":"5e74be979edc5260202c8b82"},"_tag":"cartoon","frequencies":["van9tot5","COVID2019","corona"]}
{"_id":{"$oid":"5e74be989edc5260202c8b83"},"_tag":"Sukkur","frequencies":["Corona"]}
{"_id":{"$oid":"5e74be989edc5260202c8b84"},"_tag":"catala","frequencies":["Covid_19"]}
{"_id":{"$oid":"5e74be989edc5260202c8b85"},"_tag":"CRG","frequencies":["Covid_19"]}
{"_id":{"$oid":"5e74be989edc5260202c8b86"},"_tag":"StopHoarding","frequencies":["CoronaCrisis","AskDrH","AfterHours","CALockdown","ACNH"]}
{"_id":{"$oid":"5e74be989edc5260202c8b87"},"_tag":"CoronaCrisis","frequencies":["StopHoarding","AskDrH","AfterHours","CALockdown","ACNH","Chile","QuedateencasaPelotudo","AislamientoObligatorio","YoullNeverWalkAlone","zeiklozevrijdagavond","Covid_19"]}
{"_id":{"$oid":"5e74be989edc5260202c8b88"},"_tag":"AskDrH","frequencies":["StopHoarding","CoronaCrisis","AfterHours","CALockdown","ACNH"]}
{"_id":{"$oid":"5e74be989edc5260202c8b89"},"_tag":"AfterHours","frequencies":["StopHoarding","CoronaCrisis","AskDrH","CALockdown","ACNH","SetengahGila","NegaraDiambangKehancuran","AksiNyataLawanCorona","influencer","PolriBantuCegahCorona","polriantisipasikorona","petanipenolongnegeri","DaerahSigapCorona","TESTVIRUSNOW","TestCoronaGratis","CoronaIndonesia","coronavirus","CoronaJancok"]}
{"_id":{"$oid":"5e74be989edc5260202c8b8a"},"_tag":"CALockdown","frequencies":["StopHoarding","CoronaCrisis","AskDrH","AfterHours","ACNH"]}
{"_id":{"$oid":"5e74be989edc5260202c8b8b"},"_tag":"ACNH","frequencies":["StopHoarding","CoronaCrisis","AskDrH","AfterHours","CALockdown"]}
{"_id":{"$oid":"5e74be989edc5260202c8b8c"},"_tag":"Covid19","frequencies":["Dresden","Corona","CoronaVirusDE","flattenthecurve","homeoffice","teamwork","postuning","coronavirus","corona"]}
{"_id":{"$oid":"5e74be989edc5260202c8b8d"},"_tag":"Dresden","frequencies":["Covid19","Corona","CoronaVirusDE"]}
{"_id":{"$oid":"5e74be989edc5260202c8b8e"},"_tag":"CoronaVirusDE","frequencies":["Covid19","Dresden","Corona","corona","coronavirus","coronavirusdeutschland"]}
{"_id":{"$oid":"5e74be989edc5260202c8b8f"},"_tag":"koronavirus","frequencies":["Corona","Covid2019TR","COVID19","SaglikcilariniAlkisla","FahrettinKoca","sağlıkbakanlığı","MaskeTak","korona","CoronaOutbreak","2019nCoV","CoronaVirusUpdates","CoronaVirusUpdate","CoronaViruesue","Coronavirus","COVID2019","koronawirus","koronavirues","hasta","KOVID19","SONDURUM","Covid2019","Covid_19"]}
{"_id":{"$oid":"5e74be989edc5260202c8b90"},"_tag":"Bala","frequencies":["CoronavirusOutbreakindia"]}
{"_id":{"$oid":"5e74be989edc5260202c8b91"},"_tag":"CoronavirusOutbreakindia","frequencies":["Bala"]}
{"_id":{"$oid":"5e74be989edc5260202c8b92"},"_tag":"EnverAyseverTeröristtir","frequencies":["italya10","Covid2019TR","hayirlicumalar","ohalilanedilsin","evdezamangecmiyor","EvdeKalUElkeniKoru","Wuhan","Corona","cumartesi","ProtestoEdiyorum","muhteremnur"]}
{"_id":{"$oid":"5e74be989edc5260202c8b93"},"_tag":"DRK","frequencies":["Wohlfahrtspflege","Covid_19"]}
{"_id":{"$oid":"5e74be989edc5260202c8b94"},"_tag":"Wohlfahrtspflege","frequencies":["DRK","Covid_19"]}
{"_id":{"$oid":"5e74be989edc5260202c8b95"},"_tag":"IwashedmyHands","frequencies":["Corona","WashYourHands"]}
{"_id":{"$oid":"5e74be989edc5260202c8b96"},"_tag":"WashYourHands","frequencies":["Corona","IwashedmyHands"]}
{"_id":{"$oid":"5e74be989edc5260202c8b97"},"_tag":"danke","frequencies":["dankecorona","Corona"]}
{"_id":{"$oid":"5e74be989edc5260202c8b98"},"_tag":"dankecorona","frequencies":["danke","Corona"]}
{"_id":{"$oid":"5e74be989edc5260202c8b99"},"_tag":"koronawirus","frequencies":["Covid2019TR","Corona","EvindeKalTurkiyem","Cuma","korona","CoronaOutbreak","2019nCoV","CoronaVirusUpdates","koronavirus","CoronaVirusUpdate","CoronaViruesue","Coronavirus","COVID2019","COVID19","koronavirues","hasta","KOVID19","hayirlicumalar","359vaka"]}
{"_id":{"$oid":"5e74be999edc5260202c8b9a"},"_tag":"EvindeKalTurkiyem","frequencies":["koronawirus","Covid2019TR","Corona","Cuma"]}
{"_id":{"$oid":"5e74be999edc5260202c8b9b"},"_tag":"Cuma","frequencies":["koronawirus","Covid2019TR","Corona","EvindeKalTurkiyem"]}
{"_id":{"$oid":"5e74be999edc5260202c8b9c"},"_tag":"Bevoelkerungsschutz","frequencies":["COVID19","Coronavirus","Corona"]}
{"_id":{"$oid":"5e74be999edc5260202c8b9d"},"_tag":"IndiaFightsCorona","frequencies":["Corona"]}
{"_id":{"$oid":"5e74be999edc5260202c8b9e"},"_tag":"Poll","frequencies":["coronavirus","covid19","covidー19"]}
{"_id":{"$oid":"5e74be999edc5260202c8b9f"},"_tag":"covid19","frequencies":["Poll","coronavirus","covidー19","smentertainment","kpop","exo","SUPERJUNIOR","snsd","fx","BoA","nct","wayv","smrookies","redvelvet","SHINee","TVXQ","corona","indonesia"]}
{"_id":{"$oid":"5e74be999edc5260202c8ba0"},"_tag":"covidー19","frequencies":["Poll","coronavirus","covid19"]}
{"_id":{"$oid":"5e74be999edc5260202c8ba1"},"_tag":"UnhasTurunTangan","frequencies":["corona"]}
{"_id":{"$oid":"5e74be999edc5260202c8ba2"},"_tag":"Islamabad","frequencies":["highcourt","corona","BurningBrownie","BlueArea"]}
{"_id":{"$oid":"5e74be999edc5260202c8ba3"},"_tag":"highcourt","frequencies":["Islamabad","corona"]}
{"_id":{"$oid":"5e74be999edc5260202c8ba4"},"_tag":"Italien","frequencies":["CFR","Deutschland","Österreich","OBIHRBESCHEUERTSEID"]}
{"_id":{"$oid":"5e74be999edc5260202c8ba5"},"_tag":"CFR","frequencies":["Italien","Deutschland","Österreich","OBIHRBESCHEUERTSEID"]}
{"_id":{"$oid":"5e74be999edc5260202c8ba6"},"_tag":"Deutschland","frequencies":["Italien","CFR","Österreich","OBIHRBESCHEUERTSEID"]}
{"_id":{"$oid":"5e74be999edc5260202c8ba7"},"_tag":"Österreich","frequencies":["Italien","CFR","Deutschland","OBIHRBESCHEUERTSEID"]}
{"_id":{"$oid":"5e74be999edc5260202c8ba8"},"_tag":"OBIHRBESCHEUERTSEID","frequencies":["Italien","CFR","Deutschland","Österreich"]}
{"_id":{"$oid":"5e74be999edc5260202c8ba9"},"_tag":"KoronaTürkiye","frequencies":["corona"]}
{"_id":{"$oid":"5e74be999edc5260202c8baa"},"_tag":"CoronavirusPlantao","frequencies":["coronavirusbrasil","CoronaVirusChallenge"]}
{"_id":{"$oid":"5e74be999edc5260202c8bab"},"_tag":"coronavirusbrasil","frequencies":["CoronavirusPlantao","CoronaVirusChallenge"]}
{"_id":{"$oid":"5e74be999edc5260202c8bac"},"_tag":"CoronaVirusChallenge","frequencies":["CoronavirusPlantao","coronavirusbrasil"]}
{"_id":{"$oid":"5e74be999edc5260202c8bad"},"_tag":"ECAT","frequencies":["Coronavirus","EntryTestPreparations","FSc","GAT","MDCAT","NAT"]}
{"_id":{"$oid":"5e74be999edc5260202c8bae"},"_tag":"EntryTestPreparations","frequencies":["Coronavirus","ECAT","FSc","GAT","MDCAT","NAT"]}
{"_id":{"$oid":"5e74be9a9edc5260202c8baf"},"_tag":"FSc","frequencies":["Coronavirus","ECAT","EntryTestPreparations","GAT","MDCAT","NAT"]}
{"_id":{"$oid":"5e74be9a9edc5260202c8bb0"},"_tag":"GAT","frequencies":["Coronavirus","ECAT","EntryTestPreparations","FSc","MDCAT","NAT"]}
{"_id":{"$oid":"5e74be9a9edc5260202c8bb1"},"_tag":"MDCAT","frequencies":["Coronavirus","ECAT","EntryTestPreparations","FSc","GAT","NAT"]}
{"_id":{"$oid":"5e74be9a9edc5260202c8bb2"},"_tag":"NAT","frequencies":["Coronavirus","ECAT","EntryTestPreparations","FSc","GAT","MDCAT"]}
{"_id":{"$oid":"5e74be9a9edc5260202c8bb3"},"_tag":"grenzendicht","frequencies":["Corona"]}
{"_id":{"$oid":"5e74be9a9edc5260202c8bb4"},"_tag":"smentertainment","frequencies":["kpop","exo","SUPERJUNIOR","snsd","fx","BoA","nct","wayv","smrookies","redvelvet","SHINee","TVXQ","covid19","corona","indonesia"]}
{"_id":{"$oid":"5e74be9a9edc5260202c8bb5"},"_tag":"kpop","frequencies":["smentertainment","exo","SUPERJUNIOR","snsd","fx","BoA","nct","wayv","smrookies","redvelvet","SHINee","TVXQ","covid19","corona","indonesia"]}
{"_id":{"$oid":"5e74be9a9edc5260202c8bb6"},"_tag":"exo","frequencies":["smentertainment","kpop","SUPERJUNIOR","snsd","fx","BoA","nct","wayv","smrookies","redvelvet","SHINee","TVXQ","covid19","corona","indonesia"]}
{"_id":{"$oid":"5e74be9a9edc5260202c8bb7"},"_tag":"SUPERJUNIOR","frequencies":["smentertainment","kpop","exo","snsd","fx","BoA","nct","wayv","smrookies","redvelvet","SHINee","TVXQ","covid19","corona","indonesia"]}
{"_id":{"$oid":"5e74be9a9edc5260202c8bb8"},"_tag":"snsd","frequencies":["smentertainment","kpop","exo","SUPERJUNIOR","fx","BoA","nct","wayv","smrookies","redvelvet","SHINee","TVXQ","covid19","corona","indonesia"]}
{"_id":{"$oid":"5e74be9a9edc5260202c8bb9"},"_tag":"fx","frequencies":["smentertainment","kpop","exo","SUPERJUNIOR","snsd","BoA","nct","wayv","smrookies","redvelvet","SHINee","TVXQ","covid19","corona","indonesia"]}
{"_id":{"$oid":"5e74be9a9edc5260202c8bba"},"_tag":"BoA","frequencies":["smentertainment","kpop","exo","SUPERJUNIOR","snsd","fx","nct","wayv","smrookies","redvelvet","SHINee","TVXQ","covid19","corona","indonesia"]}
{"_id":{"$oid":"5e74be9a9edc5260202c8bbb"},"_tag":"nct","frequencies":["smentertainment","kpop","exo","SUPERJUNIOR","snsd","fx","BoA","wayv","smrookies","redvelvet","SHINee","TVXQ","covid19","corona","indonesia"]}
{"_id":{"$oid":"5e74be9a9edc5260202c8bbc"},"_tag":"wayv","frequencies":["smentertainment","kpop","exo","SUPERJUNIOR","snsd","fx","BoA","nct","smrookies","redvelvet","SHINee","TVXQ","covid19","corona","indonesia"]}
{"_id":{"$oid":"5e74be9a9edc5260202c8bbd"},"_tag":"smrookies","frequencies":["smentertainment","kpop","exo","SUPERJUNIOR","snsd","fx","BoA","nct","wayv","redvelvet","SHINee","TVXQ","covid19","corona","indonesia"]}
{"_id":{"$oid":"5e74be9a9edc5260202c8bbe"},"_tag":"redvelvet","frequencies":["smentertainment","kpop","exo","SUPERJUNIOR","snsd","fx","BoA","nct","wayv","smrookies","SHINee","TVXQ","covid19","corona","indonesia"]}
{"_id":{"$oid":"5e74be9a9edc5260202c8bbf"},"_tag":"SHINee","frequencies":["smentertainment","kpop","exo","SUPERJUNIOR","snsd","fx","BoA","nct","wayv","smrookies","redvelvet","TVXQ","covid19","corona","indonesia"]}
{"_id":{"$oid":"5e74be9a9edc5260202c8bc0"},"_tag":"TVXQ","frequencies":["smentertainment","kpop","exo","SUPERJUNIOR","snsd","fx","BoA","nct","wayv","smrookies","redvelvet","SHINee","covid19","corona","indonesia"]}
{"_id":{"$oid":"5e74be9a9edc5260202c8bc1"},"_tag":"indonesia","frequencies":["smentertainment","kpop","exo","SUPERJUNIOR","snsd","fx","BoA","nct","wayv","smrookies","redvelvet","SHINee","TVXQ","covid19","corona"]}
{"_id":{"$oid":"5e74be9a9edc5260202c8bc2"},"_tag":"HUL","frequencies":["corona","BathingSoap","Sanitizer","पतंजलि"]}
{"_id":{"$oid":"5e74be9a9edc5260202c8bc3"},"_tag":"chlorine","frequencies":["coronavirus","virus"]}
{"_id":{"$oid":"5e74be9b9edc5260202c8bc4"},"_tag":"coronavirusdeutschland","frequencies":["corona","coronavirus","CoronaVirusDE"]}
{"_id":{"$oid":"5e74be9b9edc5260202c8bc5"},"_tag":"Saamhorigheid","frequencies":["corona","helpen","zorgpersoneel","ouderen","coronaNederland","Covid19NL","coronahulp","coronacontact","hulplijn","eerbetoon"]}
{"_id":{"$oid":"5e74be9b9edc5260202c8bc6"},"_tag":"helpen","frequencies":["Saamhorigheid","corona","zorgpersoneel","ouderen","coronaNederland","Covid19NL","coronahulp","coronacontact","hulplijn","eerbetoon"]}
{"_id":{"$oid":"5e74be9b9edc5260202c8bc7"},"_tag":"zorgpersoneel","frequencies":["Saamhorigheid","corona","helpen","ouderen","coronaNederland","Covid19NL","coronahulp","coronacontact","hulplijn","eerbetoon"]}
{"_id":{"$oid":"5e74be9b9edc5260202c8bc8"},"_tag":"ouderen","frequencies":["Saamhorigheid","corona","helpen","zorgpersoneel","coronaNederland","Covid19NL","coronahulp","coronacontact","hulplijn","eerbetoon"]}
{"_id":{"$oid":"5e74be9b9edc5260202c8bc9"},"_tag":"coronaNederland","frequencies":["Saamhorigheid","corona","helpen","zorgpersoneel","ouderen","Covid19NL","coronahulp","coronacontact","hulplijn","eerbetoon"]}
{"_id":{"$oid":"5e74be9b9edc5260202c8bca"},"_tag":"Covid19NL","frequencies":["Saamhorigheid","corona","helpen","zorgpersoneel","ouderen","coronaNederland","coronahulp","coronacontact","hulplijn","eerbetoon"]}
{"_id":{"$oid":"5e74be9b9edc5260202c8bcb"},"_tag":"coronahulp","frequencies":["Saamhorigheid","corona","helpen","zorgpersoneel","ouderen","coronaNederland","Covid19NL","coronacontact","hulplijn","eerbetoon"]}
{"_id":{"$oid":"5e74be9b9edc5260202c8bcc"},"_tag":"coronacontact","frequencies":["Saamhorigheid","corona","helpen","zorgpersoneel","ouderen","coronaNederland","Covid19NL","coronahulp","hulplijn","eerbetoon"]}
{"_id":{"$oid":"5e74be9b9edc5260202c8bcd"},"_tag":"hulplijn","frequencies":["Saamhorigheid","corona","helpen","zorgpersoneel","ouderen","coronaNederland","Covid19NL","coronahulp","coronacontact","eerbetoon"]}
{"_id":{"$oid":"5e74be9b9edc5260202c8bce"},"_tag":"eerbetoon","frequencies":["Saamhorigheid","corona","helpen","zorgpersoneel","ouderen","coronaNederland","Covid19NL","coronahulp","coronacontact","hulplijn"]}
{"_id":{"$oid":"5e74be9b9edc5260202c8bcf"},"_tag":"highriskcovid19","frequencies":["socialdistancing","highrisk","coronavirus","corona","covid_19","covıd19"]}
{"_id":{"$oid":"5e74be9b9edc5260202c8bd0"},"_tag":"highrisk","frequencies":["highriskcovid19","socialdistancing","coronavirus","corona","covid_19","covıd19"]}
{"_id":{"$oid":"5e74be9b9edc5260202c8bd1"},"_tag":"covıd19","frequencies":["highriskcovid19","socialdistancing","highrisk","coronavirus","corona","covid_19"]}
{"_id":{"$oid":"5e74be9b9edc5260202c8bd2"},"_tag":"Covid19DE","frequencies":["Coronavirus"]}
{"_id":{"$oid":"5e74be9b9edc5260202c8bd3"},"_tag":"HayırlıCumalar","frequencies":["EvdeKalÜlkeniKoru","ProtestoEdiyorum","ParaÖdüllüBillgiYarışması","muhteremnur","corona","coronatr","koronavirüs","COVID19tr"]}
{"_id":{"$oid":"5e74be9b9edc5260202c8bd4"},"_tag":"EvdeKalÜlkeniKoru","frequencies":["HayırlıCumalar","ProtestoEdiyorum","ParaÖdüllüBillgiYarışması","muhteremnur","corona","coronatr","koronavirüs","COVID19tr"]}
{"_id":{"$oid":"5e74be9b9edc5260202c8bd5"},"_tag":"ProtestoEdiyorum","frequencies":["HayırlıCumalar","EvdeKalÜlkeniKoru","ParaÖdüllüBillgiYarışması","muhteremnur","corona","coronatr","koronavirüs","COVID19tr","italya10","EnverAyseverTeröristtir","Covid2019TR","hayirlicumalar","ohalilanedilsin","evdezamangecmiyor","EvdeKalUElkeniKoru","Wuhan","Corona","cumartesi"]}
{"_id":{"$oid":"5e74be9b9edc5260202c8bd6"},"_tag":"ParaÖdüllüBillgiYarışması","frequencies":["HayırlıCumalar","EvdeKalÜlkeniKoru","ProtestoEdiyorum","muhteremnur","corona","coronatr","koronavirüs","COVID19tr"]}
{"_id":{"$oid":"5e74be9b9edc5260202c8bd7"},"_tag":"muhteremnur","frequencies":["HayırlıCumalar","EvdeKalÜlkeniKoru","ProtestoEdiyorum","ParaÖdüllüBillgiYarışması","corona","coronatr","koronavirüs","COVID19tr","italya10","EnverAyseverTeröristtir","Covid2019TR","hayirlicumalar","ohalilanedilsin","evdezamangecmiyor","EvdeKalUElkeniKoru","Wuhan","Corona","cumartesi"]}
{"_id":{"$oid":"5e74be9b9edc5260202c8bd8"},"_tag":"coronatr","frequencies":["HayırlıCumalar","EvdeKalÜlkeniKoru","ProtestoEdiyorum","ParaÖdüllüBillgiYarışması","muhteremnur","corona","koronavirüs","COVID19tr"]}
{"_id":{"$oid":"5e74be9b9edc5260202c8bd9"},"_tag":"koronavirüs","frequencies":["HayırlıCumalar","EvdeKalÜlkeniKoru","ProtestoEdiyorum","ParaÖdüllüBillgiYarışması","muhteremnur","corona","coronatr","COVID19tr"]}
{"_id":{"$oid":"5e74be9b9edc5260202c8bda"},"_tag":"COVID19tr","frequencies":["HayırlıCumalar","EvdeKalÜlkeniKoru","ProtestoEdiyorum","ParaÖdüllüBillgiYarışması","muhteremnur","corona","coronatr","koronavirüs"]}
{"_id":{"$oid":"5e74be9c9edc5260202c8bdb"},"_tag":"galatasaray","frequencies":["fenerbahçe","beşiktaş","link","film","sinema","izle","corona","talisca"]}
{"_id":{"$oid":"5e74be9c9edc5260202c8bdc"},"_tag":"fenerbahçe","frequencies":["galatasaray","beşiktaş","link","film","sinema","izle","corona","talisca"]}
{"_id":{"$oid":"5e74be9c9edc5260202c8bdd"},"_tag":"beşiktaş","frequencies":["galatasaray","fenerbahçe","link","film","sinema","izle","corona","talisca"]}
{"_id":{"$oid":"5e74be9c9edc5260202c8bde"},"_tag":"link","frequencies":["galatasaray","fenerbahçe","beşiktaş","film","sinema","izle","corona","talisca"]}
{"_id":{"$oid":"5e74be9c9edc5260202c8bdf"},"_tag":"film","frequencies":["galatasaray","fenerbahçe","beşiktaş","link","sinema","izle","corona","talisca"]}
{"_id":{"$oid":"5e74be9c9edc5260202c8be0"},"_tag":"sinema","frequencies":["galatasaray","fenerbahçe","beşiktaş","link","film","izle","corona","talisca"]}
{"_id":{"$oid":"5e74be9c9edc5260202c8be1"},"_tag":"izle","frequencies":["galatasaray","fenerbahçe","beşiktaş","link","film","sinema","corona","talisca"]}
{"_id":{"$oid":"5e74be9c9edc5260202c8be2"},"_tag":"talisca","frequencies":["galatasaray","fenerbahçe","beşiktaş","link","film","sinema","izle","corona"]}
{"_id":{"$oid":"5e74be9c9edc5260202c8be3"},"_tag":"health","frequencies":["coronavirus","corona","COVID19","medicine","disease","virus","medical","homelanddefense","homelandsecurity","military","dod","pandemic","emergencymanagement","defense","defenseproduction"]}
{"_id":{"$oid":"5e74be9c9edc5260202c8be4"},"_tag":"medicine","frequencies":["coronavirus","corona","COVID19","health","disease","virus","medical","homelanddefense","homelandsecurity","military","dod","pandemic","emergencymanagement","defense","defenseproduction"]}
{"_id":{"$oid":"5e74be9c9edc5260202c8be5"},"_tag":"disease","frequencies":["coronavirus","corona","COVID19","health","medicine","virus","medical","homelanddefense","homelandsecurity","military","dod","pandemic","emergencymanagement","defense","defenseproduction"]}
{"_id":{"$oid":"5e74be9c9edc5260202c8be6"},"_tag":"medical","frequencies":["coronavirus","corona","COVID19","health","medicine","disease","virus","homelanddefense","homelandsecurity","military","dod","pandemic","emergencymanagement","defense","defenseproduction"]}
{"_id":{"$oid":"5e74be9c9edc5260202c8be7"},"_tag":"homelanddefense","frequencies":["coronavirus","corona","COVID19","health","medicine","disease","virus","medical","homelandsecurity","military","dod","pandemic","emergencymanagement","defense","defenseproduction"]}
{"_id":{"$oid":"5e74be9c9edc5260202c8be8"},"_tag":"homelandsecurity","frequencies":["coronavirus","corona","COVID19","health","medicine","disease","virus","medical","homelanddefense","military","dod","pandemic","emergencymanagement","defense","defenseproduction"]}
{"_id":{"$oid":"5e74be9c9edc5260202c8be9"},"_tag":"military","frequencies":["coronavirus","corona","COVID19","health","medicine","disease","virus","medical","homelanddefense","homelandsecurity","dod","pandemic","emergencymanagement","defense","defenseproduction"]}
{"_id":{"$oid":"5e74be9c9edc5260202c8bea"},"_tag":"dod","frequencies":["coronavirus","corona","COVID19","health","medicine","disease","virus","medical","homelanddefense","homelandsecurity","military","pandemic","emergencymanagement","defense","defenseproduction"]}
{"_id":{"$oid":"5e74be9c9edc5260202c8beb"},"_tag":"emergencymanagement","frequencies":["coronavirus","corona","COVID19","health","medicine","disease","virus","medical","homelanddefense","homelandsecurity","military","dod","pandemic","defense","defenseproduction"]}
{"_id":{"$oid":"5e74be9c9edc5260202c8bec"},"_tag":"defense","frequencies":["coronavirus","corona","COVID19","health","medicine","disease","virus","medical","homelanddefense","homelandsecurity","military","dod","pandemic","emergencymanagement","defenseproduction"]}
{"_id":{"$oid":"5e74be9c9edc5260202c8bed"},"_tag":"defenseproduction","frequencies":["coronavirus","corona","COVID19","health","medicine","disease","virus","medical","homelanddefense","homelandsecurity","military","dod","pandemic","emergencymanagement","defense"]}
{"_id":{"$oid":"5e74be9c9edc5260202c8bee"},"_tag":"NirbhayaJustice","frequencies":["Nirbhaya","punish","corona","NirbhayaVerdict"]}
{"_id":{"$oid":"5e74be9c9edc5260202c8bef"},"_tag":"Nirbhaya","frequencies":["NirbhayaJustice","punish","corona","NirbhayaVerdict"]}
{"_id":{"$oid":"5e74be9c9edc5260202c8bf0"},"_tag":"punish","frequencies":["NirbhayaJustice","Nirbhaya","corona","NirbhayaVerdict"]}
{"_id":{"$oid":"5e74be9c9edc5260202c8bf1"},"_tag":"NirbhayaVerdict","frequencies":["NirbhayaJustice","Nirbhaya","punish","corona"]}
{"_id":{"$oid":"5e74be9d9edc5260202c8bf2"},"_tag":"hayirlicumalar","frequencies":["ücretlilerinmaaşıkesilmesin","uecretlioeğretmenlerinmaasıkesilmesin","Corona","italya10","EnverAyseverTeröristtir","Covid2019TR","ohalilanedilsin","evdezamangecmiyor","EvdeKalUElkeniKoru","Wuhan","cumartesi","ProtestoEdiyorum","muhteremnur","koronawirus","359vaka"]}
{"_id":{"$oid":"5e74be9d9edc5260202c8bf3"},"_tag":"SaglikcilariniAlkisla","frequencies":["koronavirus","Corona","Covid2019TR","COVID19","FahrettinKoca","sağlıkbakanlığı","MaskeTak"]}
{"_id":{"$oid":"5e74be9d9edc5260202c8bf4"},"_tag":"FahrettinKoca","frequencies":["koronavirus","Corona","Covid2019TR","COVID19","SaglikcilariniAlkisla","sağlıkbakanlığı","MaskeTak"]}
{"_id":{"$oid":"5e74be9d9edc5260202c8bf5"},"_tag":"sağlıkbakanlığı","frequencies":["koronavirus","Corona","Covid2019TR","COVID19","SaglikcilariniAlkisla","FahrettinKoca","MaskeTak"]}
{"_id":{"$oid":"5e74be9d9edc5260202c8bf6"},"_tag":"MaskeTak","frequencies":["koronavirus","Corona","Covid2019TR","COVID19","SaglikcilariniAlkisla","FahrettinKoca","sağlıkbakanlığı"]}
{"_id":{"$oid":"5e74be9d9edc5260202c8bf7"},"_tag":"فيديو","frequencies":["كورونا","Corona"]}
{"_id":{"$oid":"5e74be9d9edc5260202c8bf8"},"_tag":"BathingSoap","frequencies":["corona","HUL","Sanitizer","पतंजलि"]}
{"_id":{"$oid":"5e74be9d9edc5260202c8bf9"},"_tag":"Sanitizer","frequencies":["corona","HUL","BathingSoap","पतंजलि"]}
{"_id":{"$oid":"5e74be9d9edc5260202c8bfa"},"_tag":"पतंजलि","frequencies":["corona","HUL","BathingSoap","Sanitizer"]}
{"_id":{"$oid":"5e74be9d9edc5260202c8bfb"},"_tag":"Chile","frequencies":["QuedateencasaPelotudo","CoronaCrisis","AislamientoObligatorio"]}
{"_id":{"$oid":"5e74be9d9edc5260202c8bfc"},"_tag":"QuedateencasaPelotudo","frequencies":["Chile","CoronaCrisis","AislamientoObligatorio"]}
{"_id":{"$oid":"5e74be9d9edc5260202c8bfd"},"_tag":"AislamientoObligatorio","frequencies":["Chile","QuedateencasaPelotudo","CoronaCrisis"]}
{"_id":{"$oid":"5e74be9d9edc5260202c8bfe"},"_tag":"YoullNeverWalkAlone","frequencies":["zeiklozevrijdagavond","Covid_19","CoronaCrisis"]}
{"_id":{"$oid":"5e74be9d9edc5260202c8bff"},"_tag":"zeiklozevrijdagavond","frequencies":["YoullNeverWalkAlone","Covid_19","CoronaCrisis"]}
{"_id":{"$oid":"5e74be9d9edc5260202c8c00"},"_tag":"Koronovirus","frequencies":["Ohal","SağlıkBakanı","COVID19","EvdeKal","Corona","İstanbul","italya10","Havadurumu"]}
{"_id":{"$oid":"5e74be9d9edc5260202c8c01"},"_tag":"Ohal","frequencies":["Koronovirus","SağlıkBakanı","COVID19","EvdeKal","Corona","İstanbul","italya10","Havadurumu"]}
{"_id":{"$oid":"5e74be9d9edc5260202c8c02"},"_tag":"SağlıkBakanı","frequencies":["Koronovirus","Ohal","COVID19","EvdeKal","Corona","İstanbul","italya10","Havadurumu"]}
{"_id":{"$oid":"5e74be9d9edc5260202c8c03"},"_tag":"İstanbul","frequencies":["Koronovirus","Ohal","SağlıkBakanı","COVID19","EvdeKal","Corona","italya10","Havadurumu"]}
{"_id":{"$oid":"5e74be9d9edc5260202c8c04"},"_tag":"Havadurumu","frequencies":["Koronovirus","Ohal","SağlıkBakanı","COVID19","EvdeKal","Corona","İstanbul","italya10"]}
{"_id":{"$oid":"5e74be9d9edc5260202c8c05"},"_tag":"Dua","frequencies":["Friday","FridayThoughts","Coronavirus","HighRiskCovid19"]}
{"_id":{"$oid":"5e74be9d9edc5260202c8c06"},"_tag":"Friday","frequencies":["Dua","FridayThoughts","Coronavirus","HighRiskCovid19"]}
{"_id":{"$oid":"5e74be9e9edc5260202c8c07"},"_tag":"FridayThoughts","frequencies":["Dua","Friday","Coronavirus","HighRiskCovid19"]}
{"_id":{"$oid":"5e74be9e9edc5260202c8c08"},"_tag":"HighRiskCovid19","frequencies":["Dua","Friday","FridayThoughts","Coronavirus"]}
{"_id":{"$oid":"5e74be9e9edc5260202c8c09"},"_tag":"ücretlilerinmaaşıkesilmesin","frequencies":["uecretlioeğretmenlerinmaasıkesilmesin","Corona","hayirlicumalar"]}
{"_id":{"$oid":"5e74be9e9edc5260202c8c0a"},"_tag":"uecretlioeğretmenlerinmaasıkesilmesin","frequencies":["ücretlilerinmaaşıkesilmesin","Corona","hayirlicumalar"]}
{"_id":{"$oid":"5e74be9e9edc5260202c8c0b"},"_tag":"quarentena","frequencies":["corona","coronavirus","sextou","sqn"]}
{"_id":{"$oid":"5e74be9e9edc5260202c8c0c"},"_tag":"sextou","frequencies":["corona","coronavirus","quarentena","sqn"]}
{"_id":{"$oid":"5e74be9e9edc5260202c8c0d"},"_tag":"sqn","frequencies":["corona","coronavirus","quarentena","sextou"]}
{"_id":{"$oid":"5e74be9e9edc5260202c8c0e"},"_tag":"Coronalul","frequencies":["corona"]}
{"_id":{"$oid":"5e74be9e9edc5260202c8c0f"},"_tag":"korona","frequencies":["CoronaOutbreak","2019nCoV","CoronaVirusUpdates","koronavirus","Corona","CoronaVirusUpdate","CoronaViruesue","Coronavirus","COVID2019","koronawirus","COVID19","koronavirues","hasta","KOVID19","corona","coronavirüsü","koronavirüsü","coronaturkiye","koronatürkiye","convit19","evdekal","evdekaltürkiye","saglik","virus","yasam","turkiye","coronailemücadele","koronailemücadele"]}
{"_id":{"$oid":"5e74be9e9edc5260202c8c10"},"_tag":"CoronaOutbreak","frequencies":["korona","2019nCoV","CoronaVirusUpdates","koronavirus","Corona","CoronaVirusUpdate","CoronaViruesue","Coronavirus","COVID2019","koronawirus","COVID19","koronavirues","hasta","KOVID19"]}
{"_id":{"$oid":"5e74be9e9edc5260202c8c11"},"_tag":"2019nCoV","frequencies":["korona","CoronaOutbreak","CoronaVirusUpdates","koronavirus","Corona","CoronaVirusUpdate","CoronaViruesue","Coronavirus","COVID2019","koronawirus","COVID19","koronavirues","hasta","KOVID19"]}
{"_id":{"$oid":"5e74be9e9edc5260202c8c12"},"_tag":"CoronaVirusUpdates","frequencies":["korona","CoronaOutbreak","2019nCoV","koronavirus","Corona","CoronaVirusUpdate","CoronaViruesue","Coronavirus","COVID2019","koronawirus","COVID19","koronavirues","hasta","KOVID19"]}
{"_id":{"$oid":"5e74be9e9edc5260202c8c13"},"_tag":"CoronaViruesue","frequencies":["korona","CoronaOutbreak","2019nCoV","CoronaVirusUpdates","koronavirus","Corona","CoronaVirusUpdate","Coronavirus","COVID2019","koronawirus","COVID19","koronavirues","hasta","KOVID19"]}
{"_id":{"$oid":"5e74be9e9edc5260202c8c14"},"_tag":"koronavirues","frequencies":["korona","CoronaOutbreak","2019nCoV","CoronaVirusUpdates","koronavirus","Corona","CoronaVirusUpdate","CoronaViruesue","Coronavirus","COVID2019","koronawirus","COVID19","hasta","KOVID19"]}
{"_id":{"$oid":"5e74be9e9edc5260202c8c15"},"_tag":"hasta","frequencies":["korona","CoronaOutbreak","2019nCoV","CoronaVirusUpdates","koronavirus","Corona","CoronaVirusUpdate","CoronaViruesue","Coronavirus","COVID2019","koronawirus","COVID19","koronavirues","KOVID19"]}
{"_id":{"$oid":"5e74be9e9edc5260202c8c16"},"_tag":"KOVID19","frequencies":["korona","CoronaOutbreak","2019nCoV","CoronaVirusUpdates","koronavirus","Corona","CoronaVirusUpdate","CoronaViruesue","Coronavirus","COVID2019","koronawirus","COVID19","koronavirues","hasta"]}
{"_id":{"$oid":"5e74be9f9edc5260202c8c17"},"_tag":"NegaraDiambangKehancuran","frequencies":["SetengahGila","AksiNyataLawanCorona","influencer","AfterHours","PolriBantuCegahCorona","polriantisipasikorona","petanipenolongnegeri","DaerahSigapCorona","TESTVIRUSNOW","TestCoronaGratis","CoronaIndonesia","coronavirus","CoronaJancok"]}
{"_id":{"$oid":"5e74be9f9edc5260202c8c18"},"_tag":"influencer","frequencies":["SetengahGila","NegaraDiambangKehancuran","AksiNyataLawanCorona","AfterHours","PolriBantuCegahCorona","polriantisipasikorona","petanipenolongnegeri","DaerahSigapCorona","TESTVIRUSNOW","TestCoronaGratis","CoronaIndonesia","coronavirus","CoronaJancok"]}
{"_id":{"$oid":"5e74be9f9edc5260202c8c19"},"_tag":"PolriBantuCegahCorona","frequencies":["SetengahGila","NegaraDiambangKehancuran","AksiNyataLawanCorona","influencer","AfterHours","polriantisipasikorona","petanipenolongnegeri","DaerahSigapCorona","TESTVIRUSNOW","TestCoronaGratis","CoronaIndonesia","coronavirus","CoronaJancok"]}
{"_id":{"$oid":"5e74be9f9edc5260202c8c1a"},"_tag":"polriantisipasikorona","frequencies":["SetengahGila","NegaraDiambangKehancuran","AksiNyataLawanCorona","influencer","AfterHours","PolriBantuCegahCorona","petanipenolongnegeri","DaerahSigapCorona","TESTVIRUSNOW","TestCoronaGratis","CoronaIndonesia","coronavirus","CoronaJancok"]}
{"_id":{"$oid":"5e74be9f9edc5260202c8c1b"},"_tag":"petanipenolongnegeri","frequencies":["SetengahGila","NegaraDiambangKehancuran","AksiNyataLawanCorona","influencer","AfterHours","PolriBantuCegahCorona","polriantisipasikorona","DaerahSigapCorona","TESTVIRUSNOW","TestCoronaGratis","CoronaIndonesia","coronavirus","CoronaJancok"]}
{"_id":{"$oid":"5e74be9f9edc5260202c8c1c"},"_tag":"DaerahSigapCorona","frequencies":["SetengahGila","NegaraDiambangKehancuran","AksiNyataLawanCorona","influencer","AfterHours","PolriBantuCegahCorona","polriantisipasikorona","petanipenolongnegeri","TESTVIRUSNOW","TestCoronaGratis","CoronaIndonesia","coronavirus","CoronaJancok"]}
{"_id":{"$oid":"5e74be9f9edc5260202c8c1d"},"_tag":"TESTVIRUSNOW","frequencies":["SetengahGila","NegaraDiambangKehancuran","AksiNyataLawanCorona","influencer","AfterHours","PolriBantuCegahCorona","polriantisipasikorona","petanipenolongnegeri","DaerahSigapCorona","TestCoronaGratis","CoronaIndonesia","coronavirus","CoronaJancok"]}
{"_id":{"$oid":"5e74be9f9edc5260202c8c1e"},"_tag":"TestCoronaGratis","frequencies":["SetengahGila","NegaraDiambangKehancuran","AksiNyataLawanCorona","influencer","AfterHours","PolriBantuCegahCorona","polriantisipasikorona","petanipenolongnegeri","DaerahSigapCorona","TESTVIRUSNOW","CoronaIndonesia","coronavirus","CoronaJancok"]}
{"_id":{"$oid":"5e74be9f9edc5260202c8c1f"},"_tag":"CoronaIndonesia","frequencies":["SetengahGila","NegaraDiambangKehancuran","AksiNyataLawanCorona","influencer","AfterHours","PolriBantuCegahCorona","polriantisipasikorona","petanipenolongnegeri","DaerahSigapCorona","TESTVIRUSNOW","TestCoronaGratis","coronavirus","CoronaJancok","CoronaVirusUpdate"]}
{"_id":{"$oid":"5e74be9f9edc5260202c8c20"},"_tag":"babyyoda","frequencies":["coronavirus"]}
{"_id":{"$oid":"5e74be9f9edc5260202c8c21"},"_tag":"COVIDー19","frequencies":["Coronavirus","COVID19","Cornaviruslombardia","CoronaVirusitaly","como","trento","tessin","lugano","schweiz","bern","basel","COVID2019","Covid_19","COVID19italia","covid19italy","Coronaviriusitalia","coronavirusitalIa","COVID","Lombardie","Lombardia","coronaviruskenya","corona"]}
{"_id":{"$oid":"5e74be9f9edc5260202c8c22"},"_tag":"Cornaviruslombardia","frequencies":["Coronavirus","COVID19","COVIDー19","CoronaVirusitaly","como","trento","tessin","lugano","schweiz","bern","basel","COVID2019","Covid_19","COVID19italia","covid19italy","Coronaviriusitalia","coronavirusitalIa","COVID","Lombardie","Lombardia","coronaviruskenya","corona"]}
{"_id":{"$oid":"5e74be9f9edc5260202c8c23"},"_tag":"CoronaVirusitaly","frequencies":["Coronavirus","COVID19","COVIDー19","Cornaviruslombardia","como","trento","tessin","lugano","schweiz","bern","basel","COVID2019","Covid_19","COVID19italia","covid19italy","Coronaviriusitalia","coronavirusitalIa","COVID","Lombardie","Lombardia","coronaviruskenya","corona"]}
{"_id":{"$oid":"5e74be9f9edc5260202c8c24"},"_tag":"como","frequencies":["Coronavirus","COVID19","COVIDー19","Cornaviruslombardia","CoronaVirusitaly","trento","tessin","lugano","schweiz","bern","basel","COVID2019","Covid_19","COVID19italia","covid19italy","Coronaviriusitalia","coronavirusitalIa","COVID","Lombardie","Lombardia","coronaviruskenya","corona"]}
{"_id":{"$oid":"5e74be9f9edc5260202c8c25"},"_tag":"trento","frequencies":["Coronavirus","COVID19","COVIDー19","Cornaviruslombardia","CoronaVirusitaly","como","tessin","lugano","schweiz","bern","basel","COVID2019","Covid_19","COVID19italia","covid19italy","Coronaviriusitalia","coronavirusitalIa","COVID","Lombardie","Lombardia","coronaviruskenya","corona"]}
{"_id":{"$oid":"5e74be9f9edc5260202c8c26"},"_tag":"tessin","frequencies":["Coronavirus","COVID19","COVIDー19","Cornaviruslombardia","CoronaVirusitaly","como","trento","lugano","schweiz","bern","basel","COVID2019","Covid_19","COVID19italia","covid19italy","Coronaviriusitalia","coronavirusitalIa","COVID","Lombardie","Lombardia","coronaviruskenya","corona"]}
{"_id":{"$oid":"5e74bea09edc5260202c8c27"},"_tag":"lugano","frequencies":["Coronavirus","COVID19","COVIDー19","Cornaviruslombardia","CoronaVirusitaly","como","trento","tessin","schweiz","bern","basel","COVID2019","Covid_19","COVID19italia","covid19italy","Coronaviriusitalia","coronavirusitalIa","COVID","Lombardie","Lombardia","coronaviruskenya","corona"]}
{"_id":{"$oid":"5e74bea09edc5260202c8c28"},"_tag":"schweiz","frequencies":["Coronavirus","COVID19","COVIDー19","Cornaviruslombardia","CoronaVirusitaly","como","trento","tessin","lugano","bern","basel","COVID2019","Covid_19","COVID19italia","covid19italy","Coronaviriusitalia","coronavirusitalIa","COVID","Lombardie","Lombardia","coronaviruskenya","corona"]}
{"_id":{"$oid":"5e74bea09edc5260202c8c29"},"_tag":"bern","frequencies":["Coronavirus","COVID19","COVIDー19","Cornaviruslombardia","CoronaVirusitaly","como","trento","tessin","lugano","schweiz","basel","COVID2019","Covid_19","COVID19italia","covid19italy","Coronaviriusitalia","coronavirusitalIa","COVID","Lombardie","Lombardia","coronaviruskenya","corona"]}
{"_id":{"$oid":"5e74bea09edc5260202c8c2a"},"_tag":"basel","frequencies":["Coronavirus","COVID19","COVIDー19","Cornaviruslombardia","CoronaVirusitaly","como","trento","tessin","lugano","schweiz","bern","COVID2019","Covid_19","COVID19italia","covid19italy","Coronaviriusitalia","coronavirusitalIa","COVID","Lombardie","Lombardia","coronaviruskenya","corona"]}
{"_id":{"$oid":"5e74bea09edc5260202c8c2b"},"_tag":"COVID19italia","frequencies":["Coronavirus","COVID19","COVIDー19","Cornaviruslombardia","CoronaVirusitaly","como","trento","tessin","lugano","schweiz","bern","basel","COVID2019","Covid_19","covid19italy","Coronaviriusitalia","coronavirusitalIa","COVID","Lombardie","Lombardia","coronaviruskenya","corona"]}
{"_id":{"$oid":"5e74bea09edc5260202c8c2c"},"_tag":"covid19italy","frequencies":["Coronavirus","COVID19","COVIDー19","Cornaviruslombardia","CoronaVirusitaly","como","trento","tessin","lugano","schweiz","bern","basel","COVID2019","Covid_19","COVID19italia","Coronaviriusitalia","coronavirusitalIa","COVID","Lombardie","Lombardia","coronaviruskenya","corona"]}
{"_id":{"$oid":"5e74bea09edc5260202c8c2d"},"_tag":"Coronaviriusitalia","frequencies":["Coronavirus","COVID19","COVIDー19","Cornaviruslombardia","CoronaVirusitaly","como","trento","tessin","lugano","schweiz","bern","basel","COVID2019","Covid_19","COVID19italia","covid19italy","coronavirusitalIa","COVID","Lombardie","Lombardia","coronaviruskenya","corona"]}
{"_id":{"$oid":"5e74bea09edc5260202c8c2e"},"_tag":"coronavirusitalIa","frequencies":["Coronavirus","COVID19","COVIDー19","Cornaviruslombardia","CoronaVirusitaly","como","trento","tessin","lugano","schweiz","bern","basel","COVID2019","Covid_19","COVID19italia","covid19italy","Coronaviriusitalia","COVID","Lombardie","Lombardia","coronaviruskenya","corona"]}
{"_id":{"$oid":"5e74bea09edc5260202c8c2f"},"_tag":"COVID","frequencies":["Coronavirus","COVID19","COVIDー19","Cornaviruslombardia","CoronaVirusitaly","como","trento","tessin","lugano","schweiz","bern","basel","COVID2019","Covid_19","COVID19italia","covid19italy","Coronaviriusitalia","coronavirusitalIa","Lombardie","Lombardia","coronaviruskenya","corona","Easter"]}
{"_id":{"$oid":"5e74bea09edc5260202c8c30"},"_tag":"Lombardie","frequencies":["Coronavirus","COVID19","COVIDー19","Cornaviruslombardia","CoronaVirusitaly","como","trento","tessin","lugano","schweiz","bern","basel","COVID2019","Covid_19","COVID19italia","covid19italy","Coronaviriusitalia","coronavirusitalIa","COVID","Lombardia","coronaviruskenya","corona"]}
{"_id":{"$oid":"5e74bea19edc5260202c8c31"},"_tag":"Lombardia","frequencies":["Coronavirus","COVID19","COVIDー19","Cornaviruslombardia","CoronaVirusitaly","como","trento","tessin","lugano","schweiz","bern","basel","COVID2019","Covid_19","COVID19italia","covid19italy","Coronaviriusitalia","coronavirusitalIa","COVID","Lombardie","coronaviruskenya","corona"]}
{"_id":{"$oid":"5e74bea19edc5260202c8c32"},"_tag":"coronaviruskenya","frequencies":["Coronavirus","COVID19","COVIDー19","Cornaviruslombardia","CoronaVirusitaly","como","trento","tessin","lugano","schweiz","bern","basel","COVID2019","Covid_19","COVID19italia","covid19italy","Coronaviriusitalia","coronavirusitalIa","COVID","Lombardie","Lombardia","corona"]}
{"_id":{"$oid":"5e74bea19edc5260202c8c33"},"_tag":"CoronavirusInSA","frequencies":["COVID19","SASSACares"]}
{"_id":{"$oid":"5e74bea19edc5260202c8c34"},"_tag":"SASSACares","frequencies":["COVID19","CoronavirusInSA"]}
{"_id":{"$oid":"5e74bea19edc5260202c8c35"},"_tag":"Experten","frequencies":["Spahn"]}
{"_id":{"$oid":"5e74bea19edc5260202c8c36"},"_tag":"poverty","frequencies":["corona"]}
{"_id":{"$oid":"5e74bea19edc5260202c8c37"},"_tag":"BreakingNews","frequencies":["Afghanistan","CoronaVirus"]}
{"_id":{"$oid":"5e74bea19edc5260202c8c38"},"_tag":"Afghanistan","frequencies":["BreakingNews","CoronaVirus"]}
{"_id":{"$oid":"5e74bea19edc5260202c8c39"},"_tag":"China","frequencies":["CoronaVirusUpdate","Iran","Italy","Venezuela","Trump"]}
{"_id":{"$oid":"5e74bea29edc5260202c8c3a"},"_tag":"Iran","frequencies":["CoronaVirusUpdate","China","Italy","Venezuela","Trump"]}
{"_id":{"$oid":"5e74bea29edc5260202c8c3b"},"_tag":"Italy","frequencies":["CoronaVirusUpdate","China","Iran","Venezuela","Trump"]}
{"_id":{"$oid":"5e74bea29edc5260202c8c3c"},"_tag":"Venezuela","frequencies":["CoronaVirusUpdate","China","Iran","Italy","Trump"]}
{"_id":{"$oid":"5e74bea29edc5260202c8c3d"},"_tag":"Trump","frequencies":["CoronaVirusUpdate","China","Iran","Italy","Venezuela"]}
{"_id":{"$oid":"5e74bea29edc5260202c8c3e"},"_tag":"Überwachung","frequencies":["Corona","Datenschutz"]}
{"_id":{"$oid":"5e74bea29edc5260202c8c3f"},"_tag":"Datenschutz","frequencies":["Corona","Überwachung"]}
{"_id":{"$oid":"5e74bea29edc5260202c8c40"},"_tag":"friday","frequencies":["corona"]}
{"_id":{"$oid":"5e74bea29edc5260202c8c41"},"_tag":"BurningBrownie","frequencies":["Islamabad","BlueArea"]}
{"_id":{"$oid":"5e74bea29edc5260202c8c42"},"_tag":"BlueArea","frequencies":["Islamabad","BurningBrownie"]}
{"_id":{"$oid":"5e74bea39edc5260202c8c43"},"_tag":"JaiHind","frequencies":["corona"]}
{"_id":{"$oid":"5e74bea39edc5260202c8c44"},"_tag":"Info","frequencies":["obrerosenlucha"]}
{"_id":{"$oid":"5e74bea39edc5260202c8c45"},"_tag":"obrerosenlucha","frequencies":["Info"]}
{"_id":{"$oid":"5e74bea39edc5260202c8c46"},"_tag":"Convid_19","frequencies":["CONVID19","ResponsibleGovernance","AllLifeMatters"]}
{"_id":{"$oid":"5e74bea39edc5260202c8c47"},"_tag":"CONVID19","frequencies":["Convid_19","ResponsibleGovernance","AllLifeMatters"]}
{"_id":{"$oid":"5e74bea39edc5260202c8c48"},"_tag":"ResponsibleGovernance","frequencies":["Convid_19","CONVID19","AllLifeMatters"]}
{"_id":{"$oid":"5e74bea39edc5260202c8c49"},"_tag":"AllLifeMatters","frequencies":["Convid_19","CONVID19","ResponsibleGovernance"]}
{"_id":{"$oid":"5e74bea39edc5260202c8c4a"},"_tag":"Veranstaltungen","frequencies":["Stornierungskosten","CoronakKrise","Zahlungsschwierigkeiten","Coronavirus","COVID_19"]}
{"_id":{"$oid":"5e74bea49edc5260202c8c4b"},"_tag":"Stornierungskosten","frequencies":["Veranstaltungen","CoronakKrise","Zahlungsschwierigkeiten","Coronavirus","COVID_19"]}
{"_id":{"$oid":"5e74bea49edc5260202c8c4c"},"_tag":"CoronakKrise","frequencies":["Veranstaltungen","Stornierungskosten","Zahlungsschwierigkeiten","Coronavirus","COVID_19"]}
{"_id":{"$oid":"5e74bea49edc5260202c8c4d"},"_tag":"Zahlungsschwierigkeiten","frequencies":["Veranstaltungen","Stornierungskosten","CoronakKrise","Coronavirus","COVID_19"]}
{"_id":{"$oid":"5e74bea49edc5260202c8c4e"},"_tag":"COVID2019NL","frequencies":["Coronavirus","Corona","COVID19"]}
{"_id":{"$oid":"5e74bea49edc5260202c8c4f"},"_tag":"flattenthecurve","frequencies":["homeoffice","teamwork","postuning","coronavirus","corona","Covid19"]}
{"_id":{"$oid":"5e74bea49edc5260202c8c50"},"_tag":"homeoffice","frequencies":["flattenthecurve","teamwork","postuning","coronavirus","corona","Covid19"]}
{"_id":{"$oid":"5e74bea49edc5260202c8c51"},"_tag":"teamwork","frequencies":["flattenthecurve","homeoffice","postuning","coronavirus","corona","Covid19"]}
{"_id":{"$oid":"5e74bea49edc5260202c8c52"},"_tag":"postuning","frequencies":["flattenthecurve","homeoffice","teamwork","coronavirus","corona","Covid19"]}
{"_id":{"$oid":"5e74bea49edc5260202c8c53"},"_tag":"ForABetterIndia","frequencies":["Corona","CoronaStopKaroNa"]}
{"_id":{"$oid":"5e74bea59edc5260202c8c54"},"_tag":"ohalilanedilsin","frequencies":["italya10","EnverAyseverTeröristtir","Covid2019TR","hayirlicumalar","evdezamangecmiyor","EvdeKalUElkeniKoru","Wuhan","Corona","cumartesi","ProtestoEdiyorum","muhteremnur"]}
{"_id":{"$oid":"5e74bea59edc5260202c8c55"},"_tag":"evdezamangecmiyor","frequencies":["italya10","EnverAyseverTeröristtir","Covid2019TR","hayirlicumalar","ohalilanedilsin","EvdeKalUElkeniKoru","Wuhan","Corona","cumartesi","ProtestoEdiyorum","muhteremnur"]}
{"_id":{"$oid":"5e74bea59edc5260202c8c56"},"_tag":"EvdeKalUElkeniKoru","frequencies":["italya10","EnverAyseverTeröristtir","Covid2019TR","hayirlicumalar","ohalilanedilsin","evdezamangecmiyor","Wuhan","Corona","cumartesi","ProtestoEdiyorum","muhteremnur"]}
{"_id":{"$oid":"5e74bea59edc5260202c8c57"},"_tag":"Wuhan","frequencies":["italya10","EnverAyseverTeröristtir","Covid2019TR","hayirlicumalar","ohalilanedilsin","evdezamangecmiyor","EvdeKalUElkeniKoru","Corona","cumartesi","ProtestoEdiyorum","muhteremnur"]}
{"_id":{"$oid":"5e74bea59edc5260202c8c58"},"_tag":"cumartesi","frequencies":["italya10","EnverAyseverTeröristtir","Covid2019TR","hayirlicumalar","ohalilanedilsin","evdezamangecmiyor","EvdeKalUElkeniKoru","Wuhan","Corona","ProtestoEdiyorum","muhteremnur"]}
{"_id":{"$oid":"5e74bea59edc5260202c8c59"},"_tag":"CORONAVIRUS","frequencies":["solidarite"]}
{"_id":{"$oid":"5e74bea59edc5260202c8c5a"},"_tag":"solidarite","frequencies":["CORONAVIRUS"]}
{"_id":{"$oid":"5e74bea59edc5260202c8c5b"},"_tag":"359vaka","frequencies":["hayirlicumalar","koronawirus","Covid2019TR","Corona"]}
{"_id":{"$oid":"5e74bea69edc5260202c8c5c"},"_tag":"لطلبة_الطب","frequencies":["إيطاليا"]}
{"_id":{"$oid":"5e74bea69edc5260202c8c5d"},"_tag":"إيطاليا","frequencies":["لطلبة_الطب"]}
{"_id":{"$oid":"5e74bea69edc5260202c8c5e"},"_tag":"SONDURUM","frequencies":["koronavirus","Covid2019","Corona"]}
{"_id":{"$oid":"5e74bea69edc5260202c8c5f"},"_tag":"Covid2019","frequencies":["SONDURUM","koronavirus","Corona"]}
{"_id":{"$oid":"5e74bea69edc5260202c8c60"},"_tag":"StopTheSpread","frequencies":["CoronaVirusInNigeria"]}
{"_id":{"$oid":"5e74bea69edc5260202c8c61"},"_tag":"CoronaVirusInNigeria","frequencies":["StopTheSpread"]}
{"_id":{"$oid":"5e74bea69edc5260202c8c62"},"_tag":"afd","frequencies":["corona"]}
{"_id":{"$oid":"5e74bea69edc5260202c8c63"},"_tag":"Easter","frequencies":["COVID"]}
{"_id":{"$oid":"5e74bea69edc5260202c8c64"},"_tag":"Rêveberiya_Xweser","frequencies":["Corona","swêdî"]}
{"_id":{"$oid":"5e74bea69edc5260202c8c65"},"_tag":"swêdî","frequencies":["Rêveberiya_Xweser","Corona"]}
{"_id":{"$oid":"5e74bea69edc5260202c8c66"},"_tag":"coronavirüsü","frequencies":["corona","korona","koronavirüsü","coronaturkiye","koronatürkiye","convit19","evdekal","evdekaltürkiye","saglik","virus","yasam","turkiye","coronailemücadele","koronailemücadele"]}
{"_id":{"$oid":"5e74bea69edc5260202c8c67"},"_tag":"koronavirüsü","frequencies":["corona","korona","coronavirüsü","coronaturkiye","koronatürkiye","convit19","evdekal","evdekaltürkiye","saglik","virus","yasam","turkiye","coronailemücadele","koronailemücadele"]}
{"_id":{"$oid":"5e74bea69edc5260202c8c68"},"_tag":"coronaturkiye","frequencies":["corona","korona","coronavirüsü","koronavirüsü","koronatürkiye","convit19","evdekal","evdekaltürkiye","saglik","virus","yasam","turkiye","coronailemücadele","koronailemücadele"]}
{"_id":{"$oid":"5e74bea69edc5260202c8c69"},"_tag":"koronatürkiye","frequencies":["corona","korona","coronavirüsü","koronavirüsü","coronaturkiye","convit19","evdekal","evdekaltürkiye","saglik","virus","yasam","turkiye","coronailemücadele","koronailemücadele"]}
{"_id":{"$oid":"5e74bea69edc5260202c8c6a"},"_tag":"convit19","frequencies":["corona","korona","coronavirüsü","koronavirüsü","coronaturkiye","koronatürkiye","evdekal","evdekaltürkiye","saglik","virus","yasam","turkiye","coronailemücadele","koronailemücadele"]}
{"_id":{"$oid":"5e74bea69edc5260202c8c6b"},"_tag":"evdekal","frequencies":["corona","korona","coronavirüsü","koronavirüsü","coronaturkiye","koronatürkiye","convit19","evdekaltürkiye","saglik","virus","yasam","turkiye","coronailemücadele","koronailemücadele"]}
{"_id":{"$oid":"5e74bea69edc5260202c8c6c"},"_tag":"evdekaltürkiye","frequencies":["corona","korona","coronavirüsü","koronavirüsü","coronaturkiye","koronatürkiye","convit19","evdekal","saglik","virus","yasam","turkiye","coronailemücadele","koronailemücadele"]}
{"_id":{"$oid":"5e74bea69edc5260202c8c6d"},"_tag":"saglik","frequencies":["corona","korona","coronavirüsü","koronavirüsü","coronaturkiye","koronatürkiye","convit19","evdekal","evdekaltürkiye","virus","yasam","turkiye","coronailemücadele","koronailemücadele"]}
{"_id":{"$oid":"5e74bea69edc5260202c8c6e"},"_tag":"yasam","frequencies":["corona","korona","coronavirüsü","koronavirüsü","coronaturkiye","koronatürkiye","convit19","evdekal","evdekaltürkiye","saglik","virus","turkiye","coronailemücadele","koronailemücadele"]}
{"_id":{"$oid":"5e74bea69edc5260202c8c6f"},"_tag":"turkiye","frequencies":["corona","korona","coronavirüsü","koronavirüsü","coronaturkiye","koronatürkiye","convit19","evdekal","evdekaltürkiye","saglik","virus","yasam","coronailemücadele","koronailemücadele"]}
{"_id":{"$oid":"5e74bea69edc5260202c8c70"},"_tag":"coronailemücadele","frequencies":["corona","korona","coronavirüsü","koronavirüsü","coronaturkiye","koronatürkiye","convit19","evdekal","evdekaltürkiye","saglik","virus","yasam","turkiye","koronailemücadele"]}
{"_id":{"$oid":"5e74bea79edc5260202c8c71"},"_tag":"koronailemücadele","frequencies":["corona","korona","coronavirüsü","koronavirüsü","coronaturkiye","koronatürkiye","convit19","evdekal","evdekaltürkiye","saglik","virus","yasam","turkiye","coronailemücadele"]}
{"_id":{"$oid":"5e74bea79edc5260202c8c72"},"_tag":"wash_ur_hands","frequencies":["NandiniGowdaKL"]}
{"_id":{"$oid":"5e74bea79edc5260202c8c73"},"_tag":"NandiniGowdaKL","frequencies":["wash_ur_hands"]}
{"_id":{"$oid":"5e74bea79edc5260202c8c74"},"_tag":"MittRomney","frequencies":["corona"]}
