{"_id":{"$oid":"5e74c5157c50db01125ed198"},"_name":"nalces","frequencies":{"abogadosvenezu1":1}}
{"_id":{"$oid":"5e74c5157c50db01125ed199"},"_name":"Doki_Zach","frequencies":{"theMemesBotDank":1}}
{"_id":{"$oid":"5e74c5157c50db01125ed19a"},"_name":"setia63086","frequencies":{"insanshobha":1}}
{"_id":{"$oid":"5e74c5157c50db01125ed19b"},"_name":"mark_feilitzsch","frequencies":{"GerloffVolker":1}}
{"_id":{"$oid":"5e74c5157c50db01125ed19c"},"_name":"Ell92IsInDaHaus","frequencies":{"IsaakDinensen":1}}
{"_id":{"$oid":"5e74c5157c50db01125ed19d"},"_name":"clementinechev","frequencies":{"le_Parisien":1}}
{"_id":{"$oid":"5e74c5157c50db01125ed19e"},"_name":"reem971","frequencies":{"JoostReintjes":1}}
{"_id":{"$oid":"5e74c5157c50db01125ed19f"},"_name":"swcccteneur","frequencies":{"CNNIndonesia":1}}
{"_id":{"$oid":"5e74c5157c50db01125ed1a0"},"_name":"sara_ehab98","frequencies":{"maysssss_":1}}
{"_id":{"$oid":"5e74c5157c50db01125ed1a1"},"_name":"aisquith_ciarra","frequencies":{"ioproducer":1}}
{"_id":{"$oid":"5e74c5167c50db01125ed1a2"},"_name":"safiranra","frequencies":{"TirtoID":1}}
{"_id":{"$oid":"5e74c5167c50db01125ed1a3"},"_name":"femonicc","frequencies":{"prkdlx":1}}
{"_id":{"$oid":"5e74c5167c50db01125ed1a4"},"_name":"hawkins_carole","frequencies":{"maidai":1}}
{"_id":{"$oid":"5e74c5167c50db01125ed1a5"},"_name":"ghazweet","frequencies":{"idntimes":1}}
{"_id":{"$oid":"5e74c5167c50db01125ed1a6"},"_name":"radityawrdn","frequencies":{"narkosun":1}}
{"_id":{"$oid":"5e74c5167c50db01125ed1a7"},"_name":"Ceysahbaz","frequencies":{"MstSelanik":1}}
{"_id":{"$oid":"5e74c5167c50db01125ed1a8"},"_name":"mariaangel4444","frequencies":{"SozcuDunya":1}}
{"_id":{"$oid":"5e74c5167c50db01125ed1a9"},"_name":"NGhaRbo0","frequencies":{"maysssss_":1}}
{"_id":{"$oid":"5e74c5167c50db01125ed1aa"},"_name":"YolaEL_MINORI","frequencies":{"03__nakula":1}}
{"_id":{"$oid":"5e74c5167c50db01125ed1ab"},"_name":"hanifeakuz","frequencies":{"milliyet":1}}
{"_id":{"$oid":"5e74c5167c50db01125ed1ac"},"_name":"_nadaahmed_2002","frequencies":{"maysssss_":1}}
{"_id":{"$oid":"5e74c5167c50db01125ed1ad"},"_name":"Adeel199755","frequencies":{"MoeedNj":1}}
{"_id":{"$oid":"5e74c5167c50db01125ed1ae"},"_name":"festashi","frequencies":{"maysssss_":1}}
{"_id":{"$oid":"5e74c5167c50db01125ed1af"},"_name":"richarmanzano3","frequencies":{"abogadosvenezu1":1}}
{"_id":{"$oid":"5e74c5167c50db01125ed1b0"},"_name":"shrswtskuy","frequencies":{"prkdlx":1}}
{"_id":{"$oid":"5e74c5167c50db01125ed1b1"},"_name":"vmishra87","frequencies":{"chitraaum":1}}
{"_id":{"$oid":"5e74c5167c50db01125ed1b2"},"_name":"mohr_inno","frequencies":{"BR24":1}}
{"_id":{"$oid":"5e74c5167c50db01125ed1b3"},"_name":"heintje_han","frequencies":{"TurnBackHoax":1}}
{"_id":{"$oid":"5e74c5167c50db01125ed1b4"},"_name":"mckymn","frequencies":{"CNNIndonesia":1}}
{"_id":{"$oid":"5e74c5167c50db01125ed1b5"},"_name":"chetanchauhan52","frequencies":{"jabinbotsford":1}}
{"_id":{"$oid":"5e74c5167c50db01125ed1b6"},"_name":"HimalayanPiss23","frequencies":{"LetsWeeb":1}}
{"_id":{"$oid":"5e74c5177c50db01125ed1b7"},"_name":"papi_songo","frequencies":{"unicornhorn48":1}}
{"_id":{"$oid":"5e74c5177c50db01125ed1b8"},"_name":"deusexcaffeina","frequencies":{"jabinbotsford":1}}
{"_id":{"$oid":"5e74c5177c50db01125ed1b9"},"_name":"djbtamc","frequencies":{"CNNIndonesia":1}}
{"_id":{"$oid":"5e74c5177c50db01125ed1ba"},"_name":"vckrp","frequencies":{"laraoscar61":1}}
{"_id":{"$oid":"5e74c5177c50db01125ed1bb"},"_name":"102ugh","frequencies":{"lostmyhead_k":1}}
{"_id":{"$oid":"5e74c5177c50db01125ed1bc"},"_name":"Syfiqharis","frequencies":{"MuhamadSyfiq":1}}
{"_id":{"$oid":"5e74c5177c50db01125ed1bd"},"_name":"gratiakristi","frequencies":{"nksthi":1}}
{"_id":{"$oid":"5e74c5177c50db01125ed1be"},"_name":"LEONEL780","frequencies":{"abogadosvenezu1":1}}
{"_id":{"$oid":"5e74c5177c50db01125ed1bf"},"_name":"nysu1905","frequencies":{"Serkan__Atasoy":1}}
{"_id":{"$oid":"5e74c5177c50db01125ed1c0"},"_name":"SariMurninya","frequencies":{"halomecdi":1}}
{"_id":{"$oid":"5e74c5177c50db01125ed1c1"},"_name":"x_ki_yaaden","frequencies":{"Jai_Singh81":1}}
{"_id":{"$oid":"5e74c5177c50db01125ed1c2"},"_name":"1401bonniek","frequencies":{"RoArquette":1}}
{"_id":{"$oid":"5e74c5177c50db01125ed1c3"},"_name":"bm848","frequencies":{"abdul_bahanshal":1}}
{"_id":{"$oid":"5e74c5177c50db01125ed1c4"},"_name":"djoni_lingooosp","frequencies":{"geiszchalifah":1}}
{"_id":{"$oid":"5e74c5177c50db01125ed1c5"},"_name":"zhyralabadan","frequencies":{"yasmeenaljarrah":1}}
{"_id":{"$oid":"5e74c5177c50db01125ed1c6"},"_name":"shaayynaa1","frequencies":{"ioproducer":1}}
{"_id":{"$oid":"5e74c5177c50db01125ed1c7"},"_name":"TrkselG","frequencies":{"muhasebeburosu":1}}
{"_id":{"$oid":"5e74c5177c50db01125ed1c8"},"_name":"meryemdalgc","frequencies":{"renovated13":1}}
{"_id":{"$oid":"5e74c5187c50db01125ed1c9"},"_name":"ykm5","frequencies":{"renovated13":1}}
{"_id":{"$oid":"5e74c5187c50db01125ed1ca"},"_name":"diponegros","frequencies":{"detikcom":1}}
{"_id":{"$oid":"5e74c5187c50db01125ed1cb"},"_name":"ghostakon","frequencies":{"RMOLNetwork":1}}
{"_id":{"$oid":"5e74c5187c50db01125ed1cc"},"_name":"lici_mi","frequencies":{"Polizei_soh":1}}
{"_id":{"$oid":"5e74c5187c50db01125ed1cd"},"_name":"tomiwa_smith","frequencies":{"AyoBankole":1}}
{"_id":{"$oid":"5e74c5187c50db01125ed1ce"},"_name":"honey_moo13","frequencies":{"CNNIndonesia":1}}
{"_id":{"$oid":"5e74c5187c50db01125ed1cf"},"_name":"EnglishPatrio12","frequencies":{"KebabGazz":1}}
{"_id":{"$oid":"5e74c5187c50db01125ed1d0"},"_name":"nadawithluv","frequencies":{"prkdlx":1}}
{"_id":{"$oid":"5e74c5187c50db01125ed1d1"},"_name":"megancodyxo","frequencies":{"ioproducer":1}}
{"_id":{"$oid":"5e74c5187c50db01125ed1d2"},"_name":"heavendream04","frequencies":{"CNNIndonesia":1}}
{"_id":{"$oid":"5e74c5187c50db01125ed1d3"},"_name":"urfavoritpeople","frequencies":{"prkdlx":1}}
{"_id":{"$oid":"5e74c5187c50db01125ed1d4"},"_name":"Yukiperdido","frequencies":{"SpiritOficial":1}}
{"_id":{"$oid":"5e74c5187c50db01125ed1d5"},"_name":"AmstrongBiring","frequencies":{"narkosun":1}}
{"_id":{"$oid":"5e74c5187c50db01125ed1d6"},"_name":"PanduuAM","frequencies":{"makibao_indo":1}}
{"_id":{"$oid":"5e74c5197c50db01125ed1d7"},"_name":"ilham30864461","frequencies":{"ustadtengkuzul":1,"DukeCondet":1}}
{"_id":{"$oid":"5e74c5197c50db01125ed1d8"},"_name":"impetuss","frequencies":{"renovated13":1}}
{"_id":{"$oid":"5e74c5197c50db01125ed1d9"},"_name":"18sgg","frequencies":{"zarn_G":1}}
{"_id":{"$oid":"5e74c5197c50db01125ed1da"},"_name":"murathuroglu","frequencies":{"ipekGokalp91":1}}
{"_id":{"$oid":"5e74c5197c50db01125ed1db"},"_name":"hanjyuus","frequencies":{"thegnomechiId":1}}
{"_id":{"$oid":"5e74c5197c50db01125ed1dc"},"_name":"WaifuFuker","frequencies":{"AlexJungle2":1}}
{"_id":{"$oid":"5e74c5197c50db01125ed1dd"},"_name":"davidfilar","frequencies":{"KFCBarstool":1}}
{"_id":{"$oid":"5e74c5197c50db01125ed1de"},"_name":"fernancitof","frequencies":{"abogadosvenezu1":1}}
{"_id":{"$oid":"5e74c5197c50db01125ed1df"},"_name":"Hacer15810623","frequencies":{"muhasebeburosu":1}}
{"_id":{"$oid":"5e74c5197c50db01125ed1e0"},"_name":"eithan_xavier","frequencies":{"ioproducer":1}}
{"_id":{"$oid":"5e74c5197c50db01125ed1e1"},"_name":"DerScheese","frequencies":{"BR24":1}}
{"_id":{"$oid":"5e74c5197c50db01125ed1e2"},"_name":"taimoorbarlas","frequencies":{"siasatpk":1}}
{"_id":{"$oid":"5e74c5197c50db01125ed1e3"},"_name":"liyanamdnoh","frequencies":{"irf4nz":1}}
{"_id":{"$oid":"5e74c5197c50db01125ed1e4"},"_name":"Girafa14282629","frequencies":{"pimenta_baiana":1}}
{"_id":{"$oid":"5e74c5197c50db01125ed1e5"},"_name":"PhilDurling100","frequencies":{"YardleyShooting":1}}
{"_id":{"$oid":"5e74c51a7c50db01125ed1e6"},"_name":"Surfer_GirlLove","frequencies":{"ioproducer":1}}
{"_id":{"$oid":"5e74c51a7c50db01125ed1e7"},"_name":"sacruhlicious","frequencies":{"jabinbotsford":1}}
{"_id":{"$oid":"5e74c51a7c50db01125ed1e8"},"_name":"SofiaTihani","frequencies":{"amniathirah22":1}}
{"_id":{"$oid":"5e74c51a7c50db01125ed1e9"},"_name":"JosephDellaVall","frequencies":{"autcareandshare":1}}
{"_id":{"$oid":"5e74c51a7c50db01125ed1ea"},"_name":"AriPriatnaa","frequencies":{"CNNIndonesia":1}}
{"_id":{"$oid":"5e74c51a7c50db01125ed1eb"},"_name":"Marlyn99802970","frequencies":{"ReutersWorld":1}}
{"_id":{"$oid":"5e74c51a7c50db01125ed1ec"},"_name":"Fatih81990783","frequencies":{"Fatih81990783":1}}
{"_id":{"$oid":"5e74c51a7c50db01125ed1ed"},"_name":"weis727","frequencies":{"detikhot":1}}
{"_id":{"$oid":"5e74c51a7c50db01125ed1ee"},"_name":"kelianee_","frequencies":{"ioproducer":1}}
{"_id":{"$oid":"5e74c51a7c50db01125ed1ef"},"_name":"myawdel","frequencies":{"ginaSnoer":1}}
{"_id":{"$oid":"5e74c51a7c50db01125ed1f0"},"_name":"Mahi65116976","frequencies":{"MayurSu30082794":1}}
{"_id":{"$oid":"5e74c51a7c50db01125ed1f1"},"_name":"CarolinaCorren3","frequencies":{"diegowainstein":1}}
{"_id":{"$oid":"5e74c51a7c50db01125ed1f2"},"_name":"Cahyarakenna","frequencies":{"prkdlx":1}}
{"_id":{"$oid":"5e74c51a7c50db01125ed1f3"},"_name":"Ayomidefly","frequencies":{"Damii_aros":1}}
{"_id":{"$oid":"5e74c51b7c50db01125ed1f4"},"_name":"Dshh93","frequencies":{"Roxburghxo":1}}
{"_id":{"$oid":"5e74c51b7c50db01125ed1f5"},"_name":"espchl","frequencies":{"jabinbotsford":1}}
{"_id":{"$oid":"5e74c51b7c50db01125ed1f6"},"_name":"anmi2602","frequencies":{"CNNIndonesia":1}}
{"_id":{"$oid":"5e74c51b7c50db01125ed1f7"},"_name":"BasilSakti","frequencies":{"TeddyGusnaidi":1}}
{"_id":{"$oid":"5e74c51b7c50db01125ed1f8"},"_name":"dimaszakaria","frequencies":{"kumparan":1}}
{"_id":{"$oid":"5e74c51b7c50db01125ed1f9"},"_name":"bucinnyasubong2","frequencies":{"CNNIndonesia":1}}
{"_id":{"$oid":"5e74c51b7c50db01125ed1fa"},"_name":"rsmhstyone","frequencies":{"kumparan":1}}
{"_id":{"$oid":"5e74c51b7c50db01125ed1fb"},"_name":"bryan__47","frequencies":{"vuhsace":1}}
{"_id":{"$oid":"5e74c51b7c50db01125ed1fc"},"_name":"widy","frequencies":{"detikcom":1}}
{"_id":{"$oid":"5e74c51b7c50db01125ed1fd"},"_name":"AlvaFila","frequencies":{"SaikoDamai":1}}
{"_id":{"$oid":"5e74c51b7c50db01125ed1fe"},"_name":"OstalbAdler","frequencies":{"Birgit_Kelle":1}}
{"_id":{"$oid":"5e74c51b7c50db01125ed1ff"},"_name":"adityatrd","frequencies":{"najibburhani":1}}
{"_id":{"$oid":"5e74c51c7c50db01125ed200"},"_name":"sandy_zs","frequencies":{"ibnupurna":1}}
{"_id":{"$oid":"5e74c51c7c50db01125ed201"},"_name":"Purshot16978455","frequencies":{"OpIndia_in":1}}
{"_id":{"$oid":"5e74c51c7c50db01125ed202"},"_name":"azmanengineer1","frequencies":{"CNNIndonesia":1}}
{"_id":{"$oid":"5e74c51c7c50db01125ed203"},"_name":"fiii_barbosa","frequencies":{"cobradasa":1}}
{"_id":{"$oid":"5e74c51c7c50db01125ed204"},"_name":"pleegzorgRheden","frequencies":{"greetbouman":1}}
{"_id":{"$oid":"5e74c51c7c50db01125ed205"},"_name":"erynezulaikhaa","frequencies":{"Gengkotak":1}}
{"_id":{"$oid":"5e74c51c7c50db01125ed206"},"_name":"DedenSuwandi","frequencies":{"mochamadarip":1}}
{"_id":{"$oid":"5e74c51c7c50db01125ed207"},"_name":"enguzeldk61","frequencies":{"emreozpolattt":1}}
{"_id":{"$oid":"5e74c51c7c50db01125ed208"},"_name":"ganny_garcia","frequencies":{"idntimes":1}}
{"_id":{"$oid":"5e74c51c7c50db01125ed209"},"_name":"Arcanjo_38","frequencies":{"Fasalles":1}}
{"_id":{"$oid":"5e74c51c7c50db01125ed20a"},"_name":"dewaldroux01","frequencies":{"News24":1}}
{"_id":{"$oid":"5e74c51c7c50db01125ed20b"},"_name":"mpozabongy","frequencies":{"Lona047":1}}
{"_id":{"$oid":"5e74c51c7c50db01125ed20c"},"_name":"lutvisyahprdn","frequencies":{"makibao_indo":1}}
{"_id":{"$oid":"5e74c51c7c50db01125ed20d"},"_name":"KhurshidNabiev","frequencies":{"UN_Women":1}}
{"_id":{"$oid":"5e74c51c7c50db01125ed20e"},"_name":"CharPersijn","frequencies":{"LouiseDeclerck_":1}}
{"_id":{"$oid":"5e74c51c7c50db01125ed20f"},"_name":"massidyculler","frequencies":{"ioproducer":1}}
{"_id":{"$oid":"5e74c51c7c50db01125ed210"},"_name":"FatmanurEvren1","frequencies":{"renovated13":1}}
{"_id":{"$oid":"5e74c51d7c50db01125ed211"},"_name":"Dhanaaang","frequencies":{"CNNIndonesia":1}}
{"_id":{"$oid":"5e74c51d7c50db01125ed212"},"_name":"meybellint","frequencies":{"CNNIndonesia":1}}
{"_id":{"$oid":"5e74c51d7c50db01125ed213"},"_name":"sininenmerii","frequencies":{"KUHAHAHAHA":1}}
{"_id":{"$oid":"5e74c51d7c50db01125ed214"},"_name":"maulida_tttop","frequencies":{"detikcom":1}}
{"_id":{"$oid":"5e74c51d7c50db01125ed215"},"_name":"fachrezki","frequencies":{"CNNIndonesia":1}}
{"_id":{"$oid":"5e74c51d7c50db01125ed216"},"_name":"SelaminnaZ","frequencies":{"GetachewSS":1}}
{"_id":{"$oid":"5e74c51d7c50db01125ed217"},"_name":"ayip_el","frequencies":{"JJRizal":1}}
{"_id":{"$oid":"5e74c51d7c50db01125ed218"},"_name":"elawprof","frequencies":{"BR24":1}}
{"_id":{"$oid":"5e74c51d7c50db01125ed219"},"_name":"Ehrenmann385","frequencies":{"floris_du_mal":1}}
{"_id":{"$oid":"5e74c51d7c50db01125ed21a"},"_name":"BulliTH_","frequencies":{"Gurkenfaerber":1}}
{"_id":{"$oid":"5e74c51d7c50db01125ed21b"},"_name":"MarcioJRClaro","frequencies":{"AdrillesRJorge":1}}
{"_id":{"$oid":"5e74c51d7c50db01125ed21c"},"_name":"syedmohsin4","frequencies":{"noorulhasan90":1}}
{"_id":{"$oid":"5e74c51d7c50db01125ed21d"},"_name":"sapulidi999","frequencies":{"kekuatan_angka":1}}
{"_id":{"$oid":"5e74c51d7c50db01125ed21e"},"_name":"TayAgain","frequencies":{"AniMiaOfficial":1}}
{"_id":{"$oid":"5e74c51e7c50db01125ed21f"},"_name":"ryan_rizkhy","frequencies":{"KRjogjadotcom":1}}
{"_id":{"$oid":"5e74c51e7c50db01125ed220"},"_name":"Sarwath8","frequencies":{"imrealarfat":1}}
{"_id":{"$oid":"5e74c51e7c50db01125ed221"},"_name":"joegllt","frequencies":{"sosomaness":1}}
{"_id":{"$oid":"5e74c51e7c50db01125ed222"},"_name":"zaidatulbasir","frequencies":{"MuhamadSyfiq":1}}
{"_id":{"$oid":"5e74c51e7c50db01125ed223"},"_name":"winphere","frequencies":{"makibao_indo":1}}
{"_id":{"$oid":"5e74c51e7c50db01125ed224"},"_name":"davepermen","frequencies":{"AnthroBlogger":1}}
{"_id":{"$oid":"5e74c51e7c50db01125ed225"},"_name":"gauravg72082148","frequencies":{"chitraaum":1}}
{"_id":{"$oid":"5e74c51e7c50db01125ed226"},"_name":"Akhiles38384326","frequencies":{"OpIndia_in":1}}
{"_id":{"$oid":"5e74c51e7c50db01125ed227"},"_name":"Marita_1010","frequencies":{"afriforum":1}}
{"_id":{"$oid":"5e74c51e7c50db01125ed228"},"_name":"BagusRio18","frequencies":{"Reiza_Patters":1}}
{"_id":{"$oid":"5e74c51e7c50db01125ed229"},"_name":"DearAeris","frequencies":{"prkdlx":1}}
{"_id":{"$oid":"5e74c51e7c50db01125ed22a"},"_name":"SteveRezdo","frequencies":{"BelindaJones68":1}}
{"_id":{"$oid":"5e74c51e7c50db01125ed22b"},"_name":"mattismith15","frequencies":{"ioproducer":1}}
{"_id":{"$oid":"5e74c51e7c50db01125ed22c"},"_name":"tonyforindy","frequencies":{"_SJPeace_":1}}
{"_id":{"$oid":"5e74c51e7c50db01125ed22d"},"_name":"mellifluouspple","frequencies":{"CNNIndonesia":1}}
{"_id":{"$oid":"5e74c51e7c50db01125ed22e"},"_name":"CarolHolanda9","frequencies":{"lolovsss":1}}
{"_id":{"$oid":"5e74c51e7c50db01125ed22f"},"_name":"Riguey38","frequencies":{"abogadosvenezu1":1}}
{"_id":{"$oid":"5e74c51e7c50db01125ed230"},"_name":"sehunkaseppp","frequencies":{"CNNIndonesia":1}}
{"_id":{"$oid":"5e74c51e7c50db01125ed231"},"_name":"Conserv48831133","frequencies":{"AdrillesRJorge":1}}
{"_id":{"$oid":"5e74c51e7c50db01125ed232"},"_name":"acceso_directoc","frequencies":{"disposableteeth":1}}
{"_id":{"$oid":"5e74c51f7c50db01125ed233"},"_name":"Tio_Mucegao","frequencies":{"lolovsss":1}}
{"_id":{"$oid":"5e74c51f7c50db01125ed234"},"_name":"sananeeeeuuu","frequencies":{"renovated13":1}}
{"_id":{"$oid":"5e74c51f7c50db01125ed235"},"_name":"Lilly27mia","frequencies":{"Guenni_Giraffe":1}}
{"_id":{"$oid":"5e74c51f7c50db01125ed236"},"_name":"prillyr_","frequencies":{"TirtoID":1}}
{"_id":{"$oid":"5e74c51f7c50db01125ed237"},"_name":"alwol311","frequencies":{"jabinbotsford":1}}
{"_id":{"$oid":"5e74c51f7c50db01125ed238"},"_name":"indahjonarga","frequencies":{"CNNIndonesia":1}}
{"_id":{"$oid":"5e74c51f7c50db01125ed239"},"_name":"PardonDieu","frequencies":{"EricNaulleau":1}}
{"_id":{"$oid":"5e74c51f7c50db01125ed23a"},"_name":"teejayRPM1","frequencies":{"ioproducer":1}}
{"_id":{"$oid":"5e74c51f7c50db01125ed23b"},"_name":"edgelacra","frequencies":{"edgelacra":1}}
{"_id":{"$oid":"5e74c51f7c50db01125ed23c"},"_name":"rushd1978","frequencies":{"geiszchalifah":1}}
{"_id":{"$oid":"5e74c51f7c50db01125ed23d"},"_name":"ciyeestalk___","frequencies":{"CNNIndonesia":1,"dewahoya":1}}
{"_id":{"$oid":"5e74c51f7c50db01125ed23e"},"_name":"ArjunA48023081","frequencies":{"anjanaomkashyap":1}}
{"_id":{"$oid":"5e74c5207c50db01125ed23f"},"_name":"mrcjuliette","frequencies":{"sosomaness":1}}
{"_id":{"$oid":"5e74c5207c50db01125ed240"},"_name":"esqbremen","frequencies":{"nikolaslelle":1}}
{"_id":{"$oid":"5e74c5207c50db01125ed241"},"_name":"Juks_Afrika","frequencies":{"LuuTeeMoiloa":1}}
{"_id":{"$oid":"5e74c5207c50db01125ed242"},"_name":"BalbudheKishor","frequencies":{"OpIndia_in":1}}
{"_id":{"$oid":"5e74c5207c50db01125ed243"},"_name":"gamzeka18487946","frequencies":{"renovated13":1}}
{"_id":{"$oid":"5e74c5207c50db01125ed244"},"_name":"bayuauliahakim","frequencies":{"TirtoID":1}}
{"_id":{"$oid":"5e74c5207c50db01125ed245"},"_name":"penyukasspam","frequencies":{"prkdlx":1}}
{"_id":{"$oid":"5e74c5207c50db01125ed246"},"_name":"ayer_sone","frequencies":{"AlfaroFloor":1}}
{"_id":{"$oid":"5e74c5207c50db01125ed247"},"_name":"wypayretail","frequencies":{"therossporter":1}}
{"_id":{"$oid":"5e74c5207c50db01125ed248"},"_name":"caiobarcelosr","frequencies":{"djrenatav":1}}
{"_id":{"$oid":"5e74c5207c50db01125ed249"},"_name":"pergossi","frequencies":{"SSN_pr":1}}
{"_id":{"$oid":"5e74c5207c50db01125ed24a"},"_name":"nrismwtisylfkh","frequencies":{"MuhamadSyfiq":1}}
{"_id":{"$oid":"5e74c5207c50db01125ed24b"},"_name":"saesixs","frequencies":{"prkdlx":1}}
{"_id":{"$oid":"5e74c5207c50db01125ed24c"},"_name":"SeguxM","frequencies":{"idringp":1}}
{"_id":{"$oid":"5e74c5207c50db01125ed24d"},"_name":"bagusprisandhy","frequencies":{"CNNIndonesia":1}}
{"_id":{"$oid":"5e74c5207c50db01125ed24e"},"_name":"matchablend","frequencies":{"CNNIndonesia":1}}
{"_id":{"$oid":"5e74c5207c50db01125ed24f"},"_name":"jodohnyachanyol","frequencies":{"CNNIndonesia":1}}
{"_id":{"$oid":"5e74c5217c50db01125ed250"},"_name":"rehfrigerante","frequencies":{"cobradasa":1}}
{"_id":{"$oid":"5e74c5217c50db01125ed251"},"_name":"mariagpires","frequencies":{"cobradasa":1}}
{"_id":{"$oid":"5e74c5217c50db01125ed252"},"_name":"carmondai76","frequencies":{"KuB_Berlin":1}}
{"_id":{"$oid":"5e74c5217c50db01125ed253"},"_name":"melisbennn","frequencies":{"ranbeyi":1}}
{"_id":{"$oid":"5e74c5217c50db01125ed254"},"_name":"AdelTakagawa","frequencies":{"sosomaness":1}}
{"_id":{"$oid":"5e74c5217c50db01125ed255"},"_name":"cutiepies0ft","frequencies":{"CNNIndonesia":1}}
{"_id":{"$oid":"5e74c5217c50db01125ed256"},"_name":"IndraPa68655292","frequencies":{"millyshafiq":1}}
{"_id":{"$oid":"5e74c5217c50db01125ed257"},"_name":"flavieltx","frequencies":{"sosomaness":1}}
{"_id":{"$oid":"5e74c5217c50db01125ed258"},"_name":"Little_lly","frequencies":{"prkdlx":1}}
{"_id":{"$oid":"5e74c5217c50db01125ed259"},"_name":"fletcherr","frequencies":{"jameshurley":1}}
{"_id":{"$oid":"5e74c5217c50db01125ed25a"},"_name":"shinyseng","frequencies":{"makibao_indo":1}}
{"_id":{"$oid":"5e74c5217c50db01125ed25b"},"_name":"RileyBanksx","frequencies":{"LoveCathyCross":1}}
{"_id":{"$oid":"5e74c5217c50db01125ed25c"},"_name":"Venzbu","frequencies":{"tempodotco":1}}
{"_id":{"$oid":"5e74c5217c50db01125ed25d"},"_name":"romantuerki","frequencies":{"ioproducer":1}}
{"_id":{"$oid":"5e74c5227c50db01125ed25e"},"_name":"alysslmnn","frequencies":{"sosomaness":1}}
{"_id":{"$oid":"5e74c5227c50db01125ed25f"},"_name":"TufekciUzeyir","frequencies":{"MstSelanik":1}}
{"_id":{"$oid":"5e74c5227c50db01125ed260"},"_name":"Elzpiraten","frequencies":{"RA_MLehnert":1}}
{"_id":{"$oid":"5e74c5227c50db01125ed261"},"_name":"JoyHonesty","frequencies":{"jabinbotsford":1}}
{"_id":{"$oid":"5e74c5227c50db01125ed262"},"_name":"salmafadhilah21","frequencies":{"CNNIndonesia":1}}
{"_id":{"$oid":"5e74c5227c50db01125ed263"},"_name":"xkathys","frequencies":{"vanessavaneaz":1}}
{"_id":{"$oid":"5e74c5227c50db01125ed264"},"_name":"coach_harmand","frequencies":{"sosomaness":1}}
{"_id":{"$oid":"5e74c5227c50db01125ed265"},"_name":"luv_urselfbabe","frequencies":{"annadalee_":1}}
{"_id":{"$oid":"5e74c5227c50db01125ed266"},"_name":"youritraue","frequencies":{"sosomaness":1}}
{"_id":{"$oid":"5e74c5227c50db01125ed267"},"_name":"damasoreyes","frequencies":{"BermudezWrites":1}}
{"_id":{"$oid":"5e74c5227c50db01125ed268"},"_name":"mahad_cpr_1973","frequencies":{"farhad_shami":1}}
{"_id":{"$oid":"5e74c5227c50db01125ed269"},"_name":"Ghostdog_us","frequencies":{"rockholger":1}}
{"_id":{"$oid":"5e74c5227c50db01125ed26a"},"_name":"violetstair","frequencies":{"jabinbotsford":1}}
{"_id":{"$oid":"5e74c5227c50db01125ed26b"},"_name":"pokaabhii","frequencies":{"iRupND":1}}
{"_id":{"$oid":"5e74c5237c50db01125ed26c"},"_name":"limpan_b","frequencies":{"UN_Women":1}}
{"_id":{"$oid":"5e74c5237c50db01125ed26d"},"_name":"salsabila0307","frequencies":{"SalmaBrecht":1}}
{"_id":{"$oid":"5e74c5237c50db01125ed26e"},"_name":"artellei","frequencies":{"BigPants":1}}
{"_id":{"$oid":"5e74c5237c50db01125ed26f"},"_name":"lbeloooo","frequencies":{"lolovsss":1}}
{"_id":{"$oid":"5e74c5237c50db01125ed270"},"_name":"ZekiTun97924273","frequencies":{"renovated13":1}}
{"_id":{"$oid":"5e74c5237c50db01125ed271"},"_name":"NatallyAnnee","frequencies":{"_mariivilelaa":1}}
{"_id":{"$oid":"5e74c5237c50db01125ed272"},"_name":"hilmanharyadi","frequencies":{"detikhot":1}}
{"_id":{"$oid":"5e74c5237c50db01125ed273"},"_name":"sourjan31","frequencies":{"totalymental":1}}
{"_id":{"$oid":"5e74c5237c50db01125ed274"},"_name":"rrxyssw","frequencies":{"ajjjota":1}}
